sample_id,captured_at,captured_time,code,name,entry_price,score,expected_return,target_price,model_name,status,reason,price_momentum,open_return,box_position,direction_score,volume_speed,spread_rate,return_5m,return_10m,return_20m,success_10m
7e50077158094dcf8c09717cc2fd4eb4,1777340766.0445,2026-04-28 10:46:06,012860,모베이스전자,4195,0.6147364281442972,0.004589457125771888,4220,ServerFallbackScore,ready,server fallback,0.0011933174224343368,0.04483188044831876,0.8823529411764706,0.5,2790.0,0.004767580452920143,0.05721096543504167,0.025029797377830842,0.008343265792610355,1
0721d5eddc34447a87116bd8d4f1f0a9,1777340826.0560973,2026-04-28 10:47:06,012860,모베이스전자,4270,0.6082474629195941,0.004329898516783764,4300,ServerFallbackScore,ready,server fallback,0.0,0.06351183063511834,1.0,0.25,10773.0,0.00234192037470726,0.03629976580796246,0.03161592505854793,0.0,1
76c34213754a455484f61c45cee17c6b,1777341470.045188,2026-04-28 10:57:50,217730,강스템바이오텍,4170,0.4095501066554119,-0.0036179957337835232,4200,ServerFallbackScore,ready,server fallback,-0.0011976047904191933,0.02331288343558291,0.9818181818181818,0.0,52.77890717822134,0.001199040767386091,-0.005995203836930418,-0.007194244604316502,-0.0227817745803357,0
ecf4029b934143cb97c229a09b0354f4,1777341522.704268,2026-04-28 10:58:42,217730,강스템바이오텍,4160,0.0,0.0,4160,ServerFallbackScore,blocked,호가 스프레드 과다 1.32%,0.009708737864077666,0.020858895705521574,0.9454545454545454,0.25,1789.0393507039612,0.013221153846153846,-0.004807692307692291,-0.006009615384615419,-0.014423076923076872,0
a476f6e08f764de1bd5e8890fed3905d,1777341884.7092304,2026-04-28 11:04:44,018470,조일알미늄,1879,0.4362742797059385,-0.0025490288117624594,1890,ServerFallbackScore,ready,server fallback,-0.0010632642211589882,0.05207166853303469,0.6482758620689655,0.0,1079.0,0.0010643959552953698,-0.02767429483767958,-0.02980308674827037,-0.030867482703565763,0
1a10d09949fb4ef8bc4b08091ac19adf,1777342018.0468292,2026-04-28 11:06:58,490470,세미파이브,41900,0.5302890479978787,0.0012115619199151472,42200,ServerFallbackScore,ready,server fallback,-0.0023809523809523725,0.1114058355437666,0.9074074074074074,0.0,3313.0,0.0011933174224343676,-0.005966587112171795,0.0,-0.011933174224343701,0
b3f1438557fe4862af9c33327b0ddcfe,1777342078.0391726,2026-04-28 11:07:58,0010F0,보원케미칼,7090,0.5752281596601008,0.0030091263864040307,7140,ServerFallbackScore,ready,server fallback,-0.002812939521800284,0.035036496350364876,0.9322033898305084,0.5,10216.0,0.005641748942172073,-0.053596614950634724,-0.04795486600846266,-0.02961918194640334,0
9aca1fe7bd0645ecb90642678e3e65ec,1777342348.055256,2026-04-28 11:12:28,02705트,1152,0.0,0.0,1152,ServerFallbackScore,blocked,호가 스프레드 과다 0.78%,0.0008688097306690512,0.10662824207492805,0.9424460431654677,0.0,4355.713621881916,0.0078125,0.0026041666666667407,-0.01215277777777779,-0.01996527777777779,0
f54c270ec243499ab4d1045f097ff141,1777342976.0414104,2026-04-28 11:22:56,005010,휴스틸,6350,0.5608748196569762,0.0024349927862790466,6400,ServerFallbackScore,ready,server fallback,-0.0015723270440252124,0.09861591695501737,0.9333333333333333,0.25,2259.0,0.0015748031496062992,-0.015748031496062964,0.006299212598425141,-0.020472440944881876,1
a75927292a6c4ed4928f097da6a0cc5e,1777343032.7036185,2026-04-28 11:23:52,021320,KCC건설,7650,0.0,0.0,7650,ServerFallbackScore,blocked,호가 스프레드 과다 0.65%,0.002621231979030192,0.06545961002785505,0.9402985074626866,0.0,172.71867799914475,0.006535947712418301,-0.016993464052287632,-0.01437908496732021,-0.009150326797385588,0
d57c29debb6a4dd6b071ed8b9cd45fb0,1777343070.0440576,2026-04-28 11:24:30,195940,HK이노엔,55300,0.4644341951671729,-0.0014226321933130848,55700,ServerFallbackScore,ready,server fallback,0.0018115942028984477,0.02029520295202958,0.9629629629629629,0.25,98.0,0.0018083182640144665,-0.007233273056057921,-0.007233273056057921,-0.007233273056057921,0
56363d0e186b4cd98ec07072dddb7f42,1777343268.0437615,2026-04-28 11:27:48,263020,디케이앤디,3260,0.0,0.0,3260,ServerFallbackScore,blocked,호가 스프레드 과다 1.07%,-0.0060975609756097615,0.028391167192429068,0.6666666666666666,0.25,839.0,0.010736196319018405,0.20552147239263796,0.20398773006134974,0.10429447852760743,1
b817b836da324301a118362fa688207c,1777343338.0493774,2026-04-28 11:28:58,263020,디케이앤디,3335,0.6970065195778791,0.007880260783115163,3360,ServerFallbackScore,ready,server fallback,0.018320610687022842,0.05205047318611977,0.8043478260869565,0.25,953.828923340145,0.004497751124437781,0.1784107946026987,0.16191904047976013,0.0854572713643178,1
8780a305a432475cb9680d1bf11b0176,1777343602.7092652,2026-04-28 11:33:22,340440,세림B&G,240,코리아나,2075,0.33769338962502504,-0.006492264414998998,2090,ServerFallbackScore,ready,server fallback,0.0,0.00728155339805836,0.9375,0.25,201.53281018515307,0.004819277108433735,0.050602409638554224,0.06024096385542177,0.03855421686746996,1
e86c3169d3cb43c6910f6f03fb046abf,1777342398.0491254,2026-04-28 11:13:18,123690,한국화장품,9100,0.0,0.0,9100,ServerFallbackScore,blocked,호가 스프레드 과다 0.88%,0.004415011037527616,0.017897091722595126,1.0,0.75,1722.0,0.008791208791208791,0.04065934065934074,0.025274725274725185,0.00219780219780219,1
f3d11b2ce2ee46a7b22c3c8cf21a3677,1777342382.716051,2026-04-28 11:13:02,071200,인피니트헬스케어,7100,0.5524705940390816,0.0020988237615632644,7150,ServerFallbackScore,ready,server fallback,0.0014104372355430161,0.048744460856720906,1.0,0.0,1903.0,0.0014084507042253522,-0.007042253521126751,-0.007042253521126751,-0.004225352112676051,0
9faaf3a099b04935b8b788a69a3d756c,1777342430.0467277,2026-04-28 11:13:50,0015N0,아로마티카,10440,0.4648239463601533,-0.0014070421455938686,10520,ServerFallbackScore,ready,server fallback,0.0,0.04504504504504503,0.8625,0.25,174.0,0.004789272030651341,-0.029693486590038343,-0.028735632183908066,-0.029693486590038343,0
d8873a25b77f4e49952a8231e0fb7c27,1777342436.038944,2026-04-28 11:13:56,439090,마녀공장,15780,0.590773009312834,0.0036309203725133623,15890,ServerFallbackScore,ready,server fallback,0.0,0.03543307086614167,0.9891304347826086,0.5,672.0,0.0006337135614702154,0.0038022813688212143,0.04562737642585546,0.03548795944233207,1
b2b75be3e2b74f84bfa7d36e442bf681,1777342470.0431888,2026-04-28 11:14:30,033160,엠케이전자,29400,0.4368273219591865,-0.00252690712163254,29610,ServerFallbackScore,ready,server fallback,0.0,0.02083333333333326,0.9795918367346939,0.25,199.71761795928296,0.003401360544217687,-0.015306122448979553,-0.015306122448979553,-0.015306122448979553,0
2ba3651f86234135ba9827234cc3681b,1777342478.046241,2026-04-28 11:14:38,016100,리더스코스메틱,1971,0.0,0.0,1971,ServerFallbackScore,blocked,호가 스프레드 과다 1.01%,-0.0005070993914807476,0.054010695187165725,0.7829457364341085,0.25,5.811003075451598,0.010147133434804667,-0.011669203450025423,-0.013698630136986356,-0.016742770167427756,0
1ed754d0841d4bed880f8ceee9d8cb4c,1777342522.7176726,2026-04-28 11:15:22,123690,한국화장품,9550,0.5690228537314623,0.0027609141492584933,9620,ServerFallbackScore,ready,server fallback,0.0020986358866736943,0.06823266219239366,0.9404761904761905,0.0,7586.0,0.0031413612565445027,-0.03141361256544506,-0.030366492146596813,-0.05235602094240843,0
0bde3cc068404f2491cfd9f65fb11204,1777342538.0492857,2026-04-28 11:15:38,0015N0,아로마티카,10220,0.40713478935448594,-0.0037146084258205627,10290,ServerFallbackScore,ready,server fallback,0.0029440628066732533,0.02302302302302306,0.5875,0.25,174.20033466524063,0.003913894324853229,-0.008806262230919737,-0.008806262230919737,-0.017612524461839585,0
4a6ac167680e40848b97fdcce93d78fe,1777342654.042214,2026-04-28 11:17:34,290660,네오펙40,0.560093782306897,0.0024037512922758797,2460,ServerFallbackScore,ready,server fallback,0.0,0.08444444444444454,0.7162162162162162,0.25,4169.62664255217,0.0020491803278688526,-0.020491803278688492,-0.020491803278688492,-0.026639344262295084,0
096acabb610f41cda242178c9fdffb6d,1777343628.0490358,2026-04-28 11:33:48,285800,진영,2105,0.0,0.0,2105,ServerFallbackScore,blocked,호가 스프레드 과다 1.19%,-0.004728132387706863,0.031862745098039325,0.5897435897435898,0.0,335.11949774842606,0.011876484560570071,-0.004750593824228044,-0.0071258907363420665,-0.009501187648456089,0
388e1a523f51481da971b6e9b676137d,1777343664.0568476,2026-04-28 11:34:24,340440,세림B&G,2435,0.5354187246795049,0.0014167489871801963,2450,ServerFallbackScore,ready,server fallback,-0.004089979550102263,0.0822222222222222,0.7027027027027027,0.5,5490.209190729033,0.004106776180698152,-0.02053388090349073,-0.024640657084188944,-0.024640657084188944,0
3cb1971600514c3f9a4ea7fc2d337056,1777343750.0531242,2026-04-28 11:35:50,488280,에스투더블유,19680,0.6252741237417487,0.005010964949669949,19820,ServerFallbackScore,ready,server fallback,0.005620848237097631,0.03307086614173227,0.9259259259259259,0.5,958.0,0.003556910569105691,-0.0066056910569105565,-0.018292682926829285,-0.01676829268292679,0
2350c4891bb44f61bb900d984afa896a,1777343800.038909,2026-04-28 11:36:40,091120,이엠텍,7310,0.0,0.0,7310,ServerFallbackScore,blocked,호가 스프레드 과다 0.68%,0.004120879120879106,0.08618127786032681,0.9666666666666667,0.5,5751.0,0.006839945280437756,-0.01641586867305067,-0.01641586867305067,-0.01094391244870041,0
c9a8de24c0734ac0b6951b7e74ef2697,1777343990.0558784,2026-04-28 11:39:50,091120,이엠텍,7200,0.0,0.0,7200,ServerFallbackScore,blocked,호가 스프레드 과다 0.97%,-0.0027700831024930483,0.06983655274888556,0.7580645161290323,0.25,11.181492307164321,0.009722222222222222,0.002777777777777768,0.005555555555555536,0.0,0
751d3f0178b24d56944283fc4de62c14,1777344164.042401,2026-04-28 11:42:44,0010F0,보원케미칼,6950,0.4856863009471634,-0.0005725479621134633,7000,ServerFallbackScore,ready,server fallback,0.00870827285921627,0.014598540145985384,0.6721311475409836,0.25,1621.2567632902385,0.004316546762589928,-0.015827338129496438,-0.014388489208633115,-0.015827338129496438,0
9563c93ac3e24dc0ad431dee43841148,1777344236.05451,2026-04-28 11:43:56,253840,수젠텍,5900,0.0,0.0,5900,ServerFallbackScore,blocked,호가 스프레드 과다 0.68%,-0.008403361344537785,0.03327495621716281,0.8863636363636364,0.0,2434.6368341982948,0.006779661016949152,-0.027118644067796627,-0.03050847457627115,-0.03898305084745768,0
ab9dd10458314216819d395ecd1f4957,1777345630.0452774,2026-04-28 12:07:10,440320,오픈놀,3935,0.8429575570213671,0.013718302280854685,3980,ServerFallbackScore,ready,server fallback,0.01943005181347157,0.09153952843273228,0.9850746268656716,0.25,13182.0,0.0012706480304955528,0.05844980940279543,0.03557814485387545,0.06099110546378661,1
e237b5ca74ad48dd83bbf7d0a4c74478,1777345668.0401552,2026-04-28 12:07:48,012160,영흥,567,0.0,0.0,567,ServerFallbackScore,blocked,호가 스프레드 과다 1.06%,0.0,0.08000000000000007,0.6666666666666666,0.25,493.45705441893443,0.010582010582010581,-0.01763668430335097,-0.0017636684303351524,-0.00881834215167554,0
ccf3929cd8a74e87bac9ec3adbb71e12,1777345976.0409472,2026-04-28 12:12:56,376980,원티드랩,4060,0.0,0.0,4060,ServerFallbackScore,blocked,호가 스프레드 과다 0.74%,0.004950495049504955,0.06282722513089012,0.9629629629629629,0.25,323.0,0.007389162561576354,-0.009852216748768461,0.03571428571428581,-0.0049261083743842304,1
9cd7389c3d4647948cad78923dc82217,1777346048.0400238,2026-04-28 12:14:08,376980,원티드랩,4080,0.0,0.0,4080,ServerFallbackScore,blocked,호가 스프레드 과다 1.23%,0.011152416356877248,0.0680628272251309,1.0,1.0,287.1673690712653,0.012254901960784314,-0.014705882352941124,0.030637254901960675,-0.013480392156862697,1
4ad6a1f9988c4184a9c770cf4df3f845,1777346410.0444548,2026-04-28 12:20:10,006920,모헨즈,5330,0.5359724828017511,0.0014388993120700456,5370,ServerFallbackScore,ready,server fallback,0.0,0.06387225548902187,0.926829268292683,0.0,5888.0,0.00375234521575985,-0.04502814258911825,-0.05253283302063794,-0.05065666041275796,0
ef3139dc715d4695862fa97e09019e93,1777346630.0460887,2026-04-28 12:23:50,009290,광동제약,8940,0.6804537474543783,0.007218149898175131,9000,ServerFallbackScore,ready,server fallback,0.0022421524663676085,0.05924170616113744,1.0,0.5,3210.0,0.0022371364653243847,-0.01230425055928408,-0.019015659955257225,-0.02460850111856827,0
4539606eb6534e8e9a75cc280fd8417f,1777346726.04312,2026-04-28 12:25:26,355390,크라우드웍스,3720,0.41794607833639585,-0.003282156866544166,3750,ServerFallbackScore,ready,server fallback,-0.005347593582887722,0.04788732394366191,0.9285714285714286,0.0,127.32244225777413,0.0013440860215053765,0.013440860215053752,0.024193548387096753,0.03897849462365599,1
0d5ef71f32264bce9411f32c97296c4e,1777346780.0556426,2026-04-28 12:26:20,355390,크라우드웍스,3715,0.47040788223660357,-0.0011836847105358573,3740,ServerFallbackScore,ready,server fallback,-0.0026845637583892135,0.04647887323943656,0.8793103448275862,0.25,157.32642652189296,0.0013458950201884253,0.008075370121130465,0.03499327052489898,0.02826379542395685,1
039a3e4bfb5a413d9571766fccab81b9,1777346782.7533805,2026-04-28 12:26:22,460860,동국제강,14990,0.41060237778165015,-0.003575904888733994,15100,ServerFallbackScore,ready,server fallback,-0.001997336884154488,0.024606971975392966,0.7283950617283951,0.25,1.3155646415404638,0.00066711140760507,-0.0026684456304202353,0.0,0.006671114076050699,0
7f819edb94c247c79fb73139c121a9b9,1777346898.0504358,2026-04-28 12:28:18,355390,크라우드웍스,3735,0.5599124310643104,0.0023964972425724175,3760,ServerFallbackScore,ready,server fallback,0.0053835800807537915,0.05211267605633796,0.9482758620689655,0.25,45.643099898696434,0.002677376171352075,-0.0053547523427041055,0.0535475234270415,-0.0053547523427041055,1
89bde2c8175943819e031fd3f976b731,1777347250.0451748,2026-04-28 12:34:10,060380,동양에스텍,1598,0.7407519644222772,0.009630078576891089,1610,ServerFallbackScore,ready,server fallback,0.0025094102885820924,0.08119079837618393,1.0,0.75,2882.0,0.0006257822277847309,-0.026282853566958697,-0.028785982478097605,-0.021902377972465636,0
813105d55ffc4202876b1c4ef0c2a915,1777348108.0554438,2026-04-28 12:48:28,001250,GS글로벌,5420,0.6246880273016113,0.004987521092064453,5460,ServerFallbackScore,ready,server fallback,0.001848428835489857,0.06274509803921569,0.9439252336448598,0.25,12145.0,0.0018450184501845018,-0.004612546125461248,-0.04243542435424352,-0.047970479704797064,0
fdc4f2e2ab11448d91e3eee248deda31,1777348226.040224,2026-04-28 12:50:26,291650,압타머사이언스,1779,0.0,0.0,1779,ServerFallbackScore,blocked,호가 스프레드 과다 3.32%,-0.0005617977528089568,0.01252134319863396,0.9885057471264368,0.0,7.963744695446173,0.03316469926925239,-0.0022484541877458852,-0.021922428330522714,-0.026419336706014596,0
ba75c0a3f50a4e278bb23711660c11bf,1777347908.0402691,2026-04-28 12:45:08,206400,베노티앤알,1269,0.0,0.0,1269,ServerFallbackScore,blocked,호가 스프레드 과다 0.63%,0.0015785319652723562,0.06908171861836565,0.9801980198019802,0.5,337.4232196833846,0.006304176516942475,-0.014184397163120588,0.0023640661938533203,-0.012608353033884967,0
741b49c3d3844e8aa5300ab6eb1c9d14,1777348502.7276123,2026-04-28 12:55:02,004430,송원산업,11800,0.5781920903954801,0.0031276836158192056,11880,ServerFallbackScore,ready,server fallback,0.0,0.0535714285714286,1.0,0.0,3077.583815207485,0.000847457627118644,0.20169491525423733,0.21186440677966112,0.1838983050847458,1
a144d9a647bf49848b8363a77fb78bcf,1777420985.7209759,2026-04-29 09:03:05,027050,코리아나,2175,0.1498642278873385,-0.01400543088450646,2190,ServerFallbackScore,ready,server fallback,0.0023041474654377225,-0.020270270270270285,0.08,0.0,747.1303961307456,0.0022988505747126436,0.0,-0.006896551724137945,-0.016091954022988464,0
7721b2d0096e4df89ab5f91ac065c20a,1777420987.7039793,2026-04-29 09:03:07,178320,서진시스템,54800,0.6524987745588628,0.006099950982354514,55190,ServerFallbackScore,ready,server fallback,0.001828153564899404,0.06614785992217898,0.95,0.5,4762.280737243726,0.0036496350364963502,0.031021897810219023,0.025547445255474477,0.04014598540145986,1
39615f8ff7b2498891dda300c7837e82,1777420993.7078025,2026-04-29 09:03:13,357580,아모센스,23100,0.20529106565024496,-0.011788357373990201,23270,ServerFallbackScore,ready,server fallback,-0.008583690987124415,0.004347826086956497,0.6363636363636364,0.0,312.0916533018206,0.0021645021645021645,0.05627705627705626,0.030303030303030276,-0.007575757575757569,1
a6902c19ed8c476e998c68415cabb2ac,1777420989.7106764,2026-04-29 09:03:09,252990,샘씨엔에스,14410,0.6296277021573082,0.005185108086292329,14510,ServerFallbackScore,ready,server fallback,0.005582693649685888,0.06582840236686383,0.9368421052631579,0.75,291.4509813647618,0.005551700208188758,0.03192227619708543,0.029840388619014613,-0.001387925052047212,1
1bec93acf49148c49af1ca03558e9f8f,1777420997.715791,2026-04-29 09:03:17,406820,뷰티스킨,3635,0.5102596105405569,0.0004103844216222763,3660,ServerFallbackScore,ready,server fallback,0.004143646408839796,0.03413940256045511,0.38571428571428573,0.25,1637.3096757952087,0.001375515818431912,-0.06464924346629985,-0.057771664374140275,-0.06464924346629985,0
3899295d454341f4876cf2937b314e45,1777421001.7019043,2026-04-29 09:03:21,021050,서원,1543,0.42738669445018973,-0.002904532221992411,1550,ServerFallbackScore,ready,server fallback,-0.0012944983818770073,0.00981675392670156,0.8,0.5,1051.9438931527757,0.0006480881399870382,0.005184705119896327,0.0025923525599480524,0.011017498379779722,0
9416f0a0cb2c4a6bae51a354578baaba,1777421003.724665,2026-04-29 09:03:23,006400,삼성SDI,693000,0.2566068856320491,-0.009735724574718036,697990,ServerFallbackScore,ready,server fallback,0.0,0.005805515239477588,0.35,0.25,181.59010366574773,0.001443001443001443,0.008658008658008587,-0.003607503607503615,0.008658008658008587,0
8773681b5ce04dca8836e1a62bdef8f3,1777421005.7108014,2026-04-29 09:03:25,018000,유니슨,1400,0.5824404122545159,0.003297616490180637,1410,ServerFallbackScore,ready,server fallback,0.007194244604316502,0.039346696362286604,0.8833333333333333,0.0,2485.2267561246995,0.005,0.002142857142857224,-0.00928571428571423,-0.012142857142857122,0
4ad9639e308247658fe5d30b52789b98,1777421007.7110403,2026-04-29 09:03:27,417200,LS머트리얼즈,28000,0.6219533273267777,0.004878133093071106,28200,ServerFallbackScore,ready,server fallback,0.0017889087656528524,0.021897810218978186,1.0,0.5,3172.0,0.0017857142857142857,0.0071428571428571175,0.0,0.046428571428571486,0
ca4508aae2d744dcafac812a72ad1e86,1777421011.7030983,2026-04-29 09:03:31,039240,경남스틸,3065,0.2830371412670033,-0.008678514349319868,3090,ServerFallbackScore,ready,server fallback,0.006568144499178974,-0.02852614896988903,0.11627906976744186,0.5,643.1495087392433,0.0032626427406199023,-0.01631321370309946,-0.021207177814029365,-0.024469820554649302,0
2df2b7ecbf0d489187e53ae54d4fd683,1777421013.7130284,2026-04-29 09:03:33,214420,토니모리,8070,0.2403768318659729,-0.010384926725361083,8130,ServerFallbackScore,ready,server fallback,0.00248447204968949,0.003731343283582156,0.15151515151515152,0.25,563.10778129807,0.0024783147459727386,-0.014869888475836479,-0.027261462205700138,-0.028500619578686548,0
114ef16465da40a7bc572edac6b0d937,1777421023.7060452,2026-04-29 09:03:43,065420,에스아이리소스,308,0.0,0.0,308,ServerFallbackScore,blocked,호가 스프레드 과다 0.97%,0.006535947712418277,-0.012820512820512775,0.23076923076923078,0.5,1559.4159329722738,0.00974025974025974,0.01298701298701288,0.09740259740259738,0.1785714285714286,1
213b8f92eaf243d09b477129ccd3d85f,1777421025.7054172,2026-04-29 09:03:45,010950,S-Oil,123600,0.26620498318236535,-0.009351800672705387,124490,ServerFallbackScore,ready,server fallback,0.0008097165991902688,0.008979591836734802,0.22,0.25,153.82281748748647,0.0008090614886731392,0.004045307443365731,0.0,0.012944983818770295,0
7e77430258d7417096970b305a84dc3d,1777421029.712538,2026-04-29 09:03:49,123690,한국화장품,9360,0.11604359150361554,-0.015358256339855379,9430,ServerFallbackScore,ready,server fallback,0.0010695187165774556,-0.025000000000000022,0.046511627906976744,0.0,296.8390446343234,0.002136752136752137,-0.0010683760683760646,-0.010683760683760646,-0.019230769230769273,0
2b37cdbc80214bcf9b594c9c0a5261d9,1777421035.697874,2026-04-29 09:03:55,011690,와이투솔루션,8430,0.6465567390542479,0.005862269562169917,8490,ServerFallbackScore,ready,server fallback,0.005966587112171906,0.039457459926017346,0.9696969696969697,0.5,1951.3924766086182,0.005931198102016607,-0.008303677342823224,-0.0011862396204033177,-0.029655990510083052,0
8241ccd4bcb245caa3afd239bf6cf233,1777421037.702486,2026-04-29 09:03:57,222420,쎄노텍,1681,0.6360914227360298,0.005443656909441192,1690,ServerFallbackScore,ready,server fallback,0.001191185229303171,0.05391849529780557,1.0,0.75,1800.479844686173,0.00594883997620464,0.10707911957168359,0.03985722784057111,-0.03450327186198687,1
ac95a6f7883c4ed4bf43f8611bf577cf,1777421039.7223618,2026-04-29 09:03:59,021040,대호특수강,1915,0.5210642524690657,0.0008425700987626294,1930,ServerFallbackScore,ready,server fallback,-0.004677754677754664,0.12713360800470874,0.7898550724637681,0.25,13172.0,0.0026109660574412533,-0.08355091383812008,-0.13577023498694518,-0.15822454308093992,0
2e658534ff194b40b74cc10d100339a9,1777421045.7093608,2026-04-29 09:04:05,010120,LS ELECTRIC,265500,0.08075000497713675,-0.01676999980091453,267410,ServerFallbackScore,ready,server fallback,-0.0009407337723423836,-0.011173184357541888,0.0,0.0,116.72872104636575,0.0018832391713747645,0.0,0.015065913370998052,0.01883239171374762,1
6a1e36e125664bfabef32557ea324b07,1777421047.7217784,2026-04-29 09:04:07,451250,삐아,9180,0.0579152433382204,-0.017683390266471186,9250,ServerFallbackScore,ready,server fallback,-0.005417118093174467,-0.03266596417281353,0.0,0.0,591.0520713884423,0.002178649237472767,0.004357298474945592,0.007625272331154731,-0.005446623093681935,1
bd3d5e8ab9c9491c9dd7e86451a52a13,1777421053.6993897,2026-04-29 09:04:13,012800,대창,1670,0.5684540690426284,0.002738162761705136,1680,ServerFallbackScore,ready,server fallback,-0.0011961722488038617,0.03469640644361838,0.7596153846153846,0.25,4924.674569691568,0.0005988023952095808,0.05628742514970053,0.029940119760478945,0.03413173652694601,1
c47a3721a89d4e09a6bb751c813348de,1777421057.6972644,2026-04-29 09:04:17,038500,삼표시멘트,16530,0.2757607161549165,-0.008969571353803342,16650,ServerFallbackScore,ready,server fallback,-0.0012084592145015227,0.007926829268292579,0.3902439024390244,0.25,528.2708113785743,0.0012099213551119178,0.00907441016333932,0.016333938294010864,0.030852994555353952,1
3a9366ab64bf4ae786327341bce303ae,1777421033.7125216,2026-04-29 09:03:53,019570,플루토스,484,0.0,0.0,484,ServerFallbackScore,blocked,호가 스프레드 과다 0.83%,-0.004115226337448541,-0.03200000000000003,0.11764705882352941,0.25,834.483218700754,0.008264462809917356,0.0020661157024792765,-0.012396694214875992,-0.008264462809917328,0
6fb228f3be154814a5a4075b5d0a3b03,1777421055.7117906,2026-04-29 09:04:15,230240,에치에프알,28200,0.3556095188799805,-0.00577561924480078,28400,ServerFallbackScore,ready,server fallback,0.003558718861210064,0.008944543828264706,0.2962962962962963,0.5,407.0127737475332,0.0017730496453900709,0.00886524822695045,0.00886524822695045,-0.012411347517730542,1
86f0f61c169a4751b5e492fa94b44669,1777421051.724833,2026-04-29 09:04:11,290660,다이나믹솔루션,1154,0.3039024340565971,-0.007843902637736115,1160,ServerFallbackScore,ready,server fallback,-0.015358361774744034,0.016740088105726914,0.22093023255813954,0.0,6559.490838989102,0.0008665511265164644,-0.04159445407279028,-0.038994800693240905,-0.02772963604852685,0
b70ed155b96f481884d6f9252531d462,1777421059.714542,2026-04-29 09:04:19,285800,진영,2275,0.8743182743182738,0.014972730972730953,2300,ServerFallbackScore,ready,server fallback,0.011111111111111072,0.09903381642512077,1.0,1.0,6668.190112455878,0.002197802197802198,-0.01538461538461533,-0.03296703296703296,-0.0241758241758242,0
35f0f7491700493182488c4d4a1e4f9d,1777421065.698246,2026-04-29 09:04:25,047400,유니온머티리얼,1877,0.0,0.0,1877,ServerFallbackScore,blocked,호가 스프레드 과다 0.85%,0.008055853920515554,0.010770059235325702,0.5733333333333334,0.25,3296.2931865961164,0.008524240809802876,-0.01331912626531695,-0.0037293553542887548,-0.01598295151838036,0
c2bcb6a9589e4866ae091f4fb14958c2,1777421067.705905,2026-04-29 09:04:27,000680,LS네트웍스,4270,0.0,0.0,4270,ServerFallbackScore,blocked,호가 스프레드 과다 0.82%,-0.0011695906432748204,0.051724137931034475,0.9130434782608695,0.25,1561.153083579534,0.00819672131147541,0.017564402810304358,0.10772833723653386,0.08430913348946145,1
b1a334bc59884447b814f247bf139aa0,1777421069.7118657,2026-04-29 09:04:29,006400,삼성SDI,703000,0.4150564411685805,-0.0033977423532567806,708060,ServerFallbackScore,ready,server fallback,-0.0014204545454545858,0.020319303338171224,0.85,0.25,238.0,0.001422475106685633,-0.011379800853485111,-0.02133712660028453,-0.008534850640113834,0
15ea268495f346c79ee19eb69db70829,1777421071.7131639,2026-04-29 09:04:31,005950,이수화학,10260,0.47890931159236816,-0.0008436275363052736,10330,ServerFallbackScore,ready,server fallback,0.0009756097560975618,0.036363636363636376,0.925,0.0,708.0089155930397,0.0029239766081871343,0.032163742690058506,0.09064327485380108,0.16374269005847952,1
bff3054cd2764ffa847dd783b58cd16e,1777421075.7009897,2026-04-29 09:04:35,460860,동국제강,17600,0.40420578869912277,-0.003831768452035089,17730,ServerFallbackScore,ready,server fallback,0.0,0.023851076207097144,0.8245614035087719,0.0,211.409537433038,0.0011363636363636363,-0.008522727272727293,-0.027272727272727226,-0.03749999999999998,0
9a9f83a2b9424e5db9286a6942510cdf,1777421079.7045333,2026-04-29 09:04:39,035420,NAVER,226000,0.3372359129779669,-0.006510563480881324,227630,ServerFallbackScore,ready,server fallback,-0.0011049723756906271,0.013452914798206317,0.8888888888888888,0.0,347.03485529750805,0.0022123893805309734,-0.006637168141592875,-0.013274336283185861,-0.017699115044247815,0
f491670435084e6abd80c8dd58e0b5cc,1777421089.7112958,2026-04-29 09:04:49,263020,디케이앤디,4145,0.15674909529553682,-0.013730036188178528,4170,ServerFallbackScore,ready,server fallback,-0.011918951132300348,-0.09891304347826091,0.0,0.25,13561.439932878104,0.0048250904704463205,-0.004825090470446325,-0.05066344993968641,-0.0386007237635706,0
06b7b345563e4f3593a22ce85c72adc9,1777421091.713046,2026-04-29 09:04:51,125020,티씨머티리얼즈,6810,0.5905794553815614,0.003623178215262457,6860,ServerFallbackScore,ready,server fallback,0.005908419497784312,0.05581395348837215,0.9473684210526315,0.25,864.7046322605867,0.002936857562408223,0.008810572687224738,0.01615271659324513,0.05433186490455211,1
0545bd9d5c304bd590a725fe898f16a7,1777421095.711649,2026-04-29 09:04:55,357580,아모센스,23900,0.40596474880667427,-0.0037614100477330295,24070,ServerFallbackScore,ready,server fallback,-0.006237006237006182,0.03913043478260869,0.8823529411764706,0.0,869.4667073702997,0.0041841004184100415,0.023012552301255207,-0.014644351464435101,-0.03765690376569042,0
7a84d087cc674161969e06b8b899fb91,1777421099.7030206,2026-04-29 09:04:59,056360,코위버,9850,0.4876486955405761,-0.0004940521783769558,9920,ServerFallbackScore,ready,server fallback,0.00101626016260159,0.055734190782422255,0.6753246753246753,0.5,249.85920214738812,0.005076142131979695,0.006091370558375608,0.015228426395939021,0.015228426395939021,1
bc1faca3adf14ba3ba6a949c46a656fd,1777421097.7014437,2026-04-29 09:04:57,039980,폴라리스AI,9110,0.6148203893493487,0.0045928155739739475,9180,ServerFallbackScore,ready,server fallback,0.0033039647577093323,0.059302325581395365,0.7532467532467533,0.25,3181.588326078908,0.0010976948408342481,0.05708013172338089,0.05708013172338089,0.05708013172338089,1
850580f1c0de4ad69a6afa4e96933659,1777421115.7045655,2026-04-29 09:05:15,050890,쏠리드,16300,0.49492842965550427,-0.0002028628137798294,16420,ServerFallbackScore,ready,server fallback,0.003076923076922977,0.023869346733668362,0.7450980392156863,0.25,775.2757549602638,0.0006134969325153375,-0.004907975460122671,-0.006134969325153339,-0.004907975460122671,0
07078080b97f4788bdcdfc8882834273,1777421131.7131305,2026-04-29 09:05:31,047400,유니온머티리얼,1883,0.44012799676542225,-0.00239488012938311,1900,ServerFallbackScore,ready,server fallback,-0.0015906680805938267,0.014001077005923568,0.6533333333333333,0.75,386.7438546372473,0.0010621348911311736,-0.019118428040361124,-0.01115241635687736,-0.022835900159320244,0
3d5ec266ffa446fdb59d4e4789e0fb97,1777421127.6993146,2026-04-29 09:05:27,100590,머큐리,6500,0.6288154895982381,0.005152619583929523,6550,ServerFallbackScore,ready,server fallback,0.004636785162287493,0.03833865814696491,0.9285714285714286,0.75,361.9195514761897,0.004615384615384616,0.0,-0.007692307692307665,0.003076923076922977,0
211ef3edd263423ebc132902456bff72,1777421133.70119,2026-04-29 09:05:33,012800,대창,1688,0.6475850569448788,0.005903402277795151,1700,ServerFallbackScore,ready,server fallback,0.0011862396204034287,0.045848822800495626,0.9326923076923077,0.5,2253.554498150115,0.0005924170616113745,0.041469194312796276,0.01007109004739326,0.007109004739336511,1
e85c6614bbe64926af57d950436357d7,1777421135.7121058,2026-04-29 09:05:35,226320,잇츠한불,14190,0.5202391165025678,0.0008095646601027129,14290,ServerFallbackScore,ready,server fallback,0.0014114326040930436,0.024548736462093768,0.9814814814814815,0.5,247.6139997168295,0.0035236081747709656,-0.03946441155743485,-0.04721634954193099,-0.0894996476391825,0
9da5f042635540c6a26c0fcc3a7a3d99,1777421139.6995263,2026-04-29 09:05:39,064350,현대로템,261500,0.4666096306469004,-0.0013356147741239832,263380,ServerFallbackScore,ready,server fallback,0.0,0.03976143141153088,0.6875,0.25,309.40268613741466,0.0019120458891013384,0.013384321223709472,0.026768642447418722,0.019120458891013437,1
32e48359bdc1472da058b5b3f61d99e5,1777421141.7113836,2026-04-29 09:05:41,237750,피앤씨테크,6025,0.0,0.0,6025,ServerFallbackScore,blocked,호가 스프레드 과다 0.83%,-0.002483443708609312,0.14980916030534353,0.8920454545454546,0.5,1488.9104185239585,0.008298755186721992,-0.01576763485477184,0.09377593360995862,0.08879668049792522,1
1015fc518cbd46cea99dfd831700fdcf,1777421137.6969743,2026-04-29 09:05:37,049480,오픈베이스,3430,0.0,0.0,3430,ServerFallbackScore,blocked,호가 스프레드 과다 0.73%,-0.010101010101010055,0.026946107784431073,0.5777777777777777,0.0,465.70774372654,0.007288629737609329,0.008746355685131268,0.013119533527696792,-0.004373177842565634,1
ce4c2b715caf490b8d53562b926feda7,1777421151.703232,2026-04-29 09:05:51,001440,대한전선,46950,0.4426655457349231,-0.0022933781706030755,47290,ServerFallbackScore,ready,server fallback,0.0,0.020652173913043415,0.6326530612244898,0.25,1578.4702742336656,0.0010649627263045794,0.026624068157614422,0.052183173588924436,0.014909478168264156,1
2de28070351343cf8d0b7aa5b97059a7,1777421153.6972451,2026-04-29 09:05:53,114630,폴라리스우노,2490,0.3475102308739767,-0.006099590765040932,2510,ServerFallbackScore,ready,server fallback,0.002012072434607548,-0.00994035785288272,0.7777777777777778,0.5,223.49121266087514,0.002008032128514056,0.002008032128514081,-0.008032128514056214,-0.004016064257028162,0
e7a43edd45d340e0b211a1e81ff772bd,1777421159.7015355,2026-04-29 09:05:59,095910,에스에너지,2230,0.43005754705775,-0.0027976981176899996,2250,ServerFallbackScore,ready,server fallback,-0.006681514476614692,0.03002309468822162,0.7142857142857143,0.25,1578.7730878579946,0.004484304932735426,0.008968609865470878,0.03363228699551568,0.013452914798206317,1
9c6fa1c52778452795cd58d5920a664b,1777421167.7028637,2026-04-29 09:06:07,340440,세림B&G,2510,0.5360146406244939,0.0014405856249797555,2530,ServerFallbackScore,ready,server fallback,0.0,0.052410901467505155,0.8292682926829268,0.0,4918.025373590431,0.00199203187250996,0.015936254980079667,0.009960159362549792,0.009960159362549792,1
4341eeeba82148bba745e02c6dad4332,1777421163.7138255,2026-04-29 09:06:03,460850,동국씨엠,7590,0.47146856759554523,-0.0011412572961781908,7640,ServerFallbackScore,ready,server fallback,0.006631299734747964,-0.007843137254901933,0.8125,0.75,580.8590377006157,0.0013175230566534915,-0.017127799736495364,-0.03820816864295129,-0.03820816864295129,0
ca9c778f7b8245e0a769e045516e71ec,1777421169.7099926,2026-04-29 09:06:09,358570,지아이이노베이션,16590,0.5434680373892323,0.0017387214955692932,16710,ServerFallbackScore,ready,server fallback,0.001207000603500319,0.0304347826086957,1.0,0.5,115.73667662843717,0.004219409282700422,0.01748040988547328,0.014466546112115841,0.01145268233875818,1
9676cf366dd241c6b0da82bbf2e79cd0,1777421173.696671,2026-04-29 09:06:13,160980,싸이맥스,37350,0.0,0.0,37350,ServerFallbackScore,blocked,호가 스프레드 과다 0.80%,0.02188782489740082,0.1050295857988166,0.8068181818181818,0.5,887.810319174373,0.008032128514056224,-0.009370816599732268,-0.0026773761713521083,0.018741633199464536,0
93e7b3b1f8d44802b750cbf308b3ccc9,1777421175.7046397,2026-04-29 09:06:15,126340,비나텍,155000,0.32650966997280845,-0.006939613201087662,156120,ServerFallbackScore,ready,server fallback,-0.003856041131105381,0.02175346077785112,0.5172413793103449,0.25,138.99578902540583,0.001935483870967742,-0.029032258064516148,0.004516129032257954,0.048387096774193505,0
28e6579b79b249bfb40fbfd60090bf97,1777421179.6979058,2026-04-29 09:06:19,011170,롯데케미칼,99200,0.40230467343315224,-0.003907813062673911,99910,ServerFallbackScore,ready,server fallback,-0.002012072434607659,0.016393442622950838,0.46511627906976744,0.75,291.9861938734947,0.0020161290322580645,0.035282258064516236,0.048387096774193505,0.05745967741935476,1
5b602fec659a437294e6063a32811289,1777421181.704677,2026-04-29 09:06:21,017510,세명전기,13250,0.4880723532754054,-0.00047710586898378485,13340,ServerFallbackScore,ready,server fallback,0.0007552870090634656,0.03921568627450989,0.9305555555555556,0.0,605.6503337691937,0.0015094339622641509,0.015094339622641506,0.030188679245283012,0.026415094339622636,1
27dce3ff2aa44b10881b6be4b66ff5ff,1777421185.712456,2026-04-29 09:06:25,006340,대원전선,10840,0.5877365212655057,0.0035094608506202273,10920,ServerFallbackScore,ready,server fallback,-0.0009216589861751334,0.07646474677259185,0.9181818181818182,0.25,4087.0,0.0018450184501845018,0.06826568265682664,0.12177121771217703,0.08579335793357923,1
aba907e3a26442a6b58e8ec4ac6de2c1,1777421189.7132874,2026-04-29 09:06:29,307180,아이엘,6280,0.36773675788457566,-0.005290529684616974,6320,ServerFallbackScore,ready,server fallback,-0.00789889415481837,0.0228013029315961,0.8727272727272727,0.0,574.0019676200942,0.0015923566878980893,-0.006369426751592355,-0.0079617834394905,-0.02547770700636942,0
33e55bfb76434ff1b57bc4ecaf1c11ee,1777421157.6992679,2026-04-29 09:05:57,091970,나노캠텍,708,0.0,0.0,708,ServerFallbackScore,blocked,호가 스프레드 과다 0.99%,-0.0028169014084507005,0.05671641791044779,0.4810126582278481,0.5,2022.9250091464842,0.009887005649717515,-0.03813559322033899,-0.04519774011299438,-0.04519774011299438,0
e5cd5cc95b7640f181998d0464f8b314,1777421195.71761,2026-04-29 09:06:35,036570,NC,282500,0.4541679581098809,-0.0018332816756047633,284530,ServerFallbackScore,ready,server fallback,0.005338078291814874,0.0347985347985349,0.6451612903225806,0.0,134.78727607415325,0.0035398230088495575,0.017699115044247815,0.02831858407079646,0.023008849557522026,1
2ff0ba6b2cf248f79125991d7c744b7d,1777421197.725926,2026-04-29 09:06:37,001440,대한전선,47000,0.3880377215756376,-0.004478491136974496,47340,ServerFallbackScore,ready,server fallback,0.0010649627263046302,0.021739130434782705,0.6530612244897959,0.0,620.0192281679305,0.0010638297872340426,0.029787234042553123,0.04042553191489362,0.017021276595744705,1
d3c64d27eef14580a29b5f70ac66c0e4,1777421203.709068,2026-04-29 09:06:43,035510,신세계 I&C,22300,0.2901903016752481,-0.008392387932990075,22460,ServerFallbackScore,ready,server fallback,-0.0022371364653244186,0.01133786848072571,0.8181818181818182,0.0,85.25042386793642,0.002242152466367713,-0.008968609865470878,0.004484304932735439,-0.017937219730941756,0
be60f5dec3014e9d87c859a4963d9546,1777421205.6999514,2026-04-29 09:06:45,020150,롯데에너지머티리얼즈,69500,0.25041364539865346,-0.009983454184053862,70000,ServerFallbackScore,ready,server fallback,-0.0028694404591105283,0.017569546120058455,0.46153846153846156,0.0,161.5072765628478,0.0028776978417266188,-0.010071942446043147,-0.024460431654676262,-0.004316546762589968,0
3dae06eaf8ca408c9ca3da07d72250b9,1777421193.7031817,2026-04-29 09:06:33,032500,케이엠더블유,29850,0.39436328341436994,-0.004225468663425202,30060,ServerFallbackScore,ready,server fallback,-0.0033388981636059967,0.022260273972602773,0.8235294117647058,0.25,174.63391796023902,0.0016750418760469012,-0.0016750418760469454,0.0016750418760469454,0.003350083752093891,0
bc6b9bd673a94a7ebbea7ed76182f7fd,1777421209.698115,2026-04-29 09:06:49,071200,인피니트헬스케어,7600,0.5641913750524817,0.0025676550020992694,7650,ServerFallbackScore,ready,server fallback,0.0013175230566535578,0.057023643949930536,0.9807692307692307,0.5,57.92801980238887,0.002631578947368421,-0.001315789473684159,0.017105263157894735,-0.013157894736842146,1
9d3424dee8a6435fac5f11f1437e8a5d,1777421213.7031853,2026-04-29 09:06:53,199820,제일일렉트릭,13520,0.51347053063509,0.0005388212254035984,13620,ServerFallbackScore,ready,server fallback,-0.001477104874446078,0.07814992025518341,0.9423076923076923,0.25,504.5345777715466,0.0007396449704142012,0.029585798816567976,0.07840236686390534,0.13905325443786976,1
45f3abf505fc486ba88b1048054c25de,1777421223.708822,2026-04-29 09:07:03,125490,한라캐스트,18000,0.5149227633321417,0.0005969105332856683,18130,ServerFallbackScore,ready,server fallback,0.00222717149220486,0.020408163265306145,0.875,0.5,530.3448893543557,0.0016666666666666668,-0.005555555555555536,-0.013333333333333308,-0.016111111111111076,0
c6f9c54bbeb34bfd9ac5787c59222114,1777421225.7116332,2026-04-29 09:07:05,108490,로보티즈,345000,0.41284456457385243,-0.003486217417045903,347480,ServerFallbackScore,ready,server fallback,0.0,0.022222222222222143,0.9459459459459459,0.0,188.20191399360814,0.0014492753623188406,0.011594202898550732,-0.010144927536231862,-0.010144927536231862,0
58ef3b28707447ba8d45fd5e5c1a5cb0,1777421245.7059264,2026-04-29 09:07:25,035510,신세계 I&C,22350,0.47963808847865835,-0.0008144764608536658,22510,ServerFallbackScore,ready,server fallback,0.0,0.013605442176870763,0.8636363636363636,0.25,3301.0,0.0022371364653243847,-0.008948545861297563,0.0022371364653244186,-0.02460850111856827,0
cdcbb1e7b6864c708d470ce81a07b312,1777421247.7027366,2026-04-29 09:07:27,024840,KBI메탈,3830,0.0,0.0,3830,ServerFallbackScore,blocked,호가 스프레드 과다 0.78%,0.0013071895424836555,0.217806041335453,0.8819875776397516,0.5,6971.810265375596,0.007832898172323759,0.024804177545691974,0.024804177545691974,0.024804177545691974,1
ba824ab722ff4cda987d915e8732e93c,1777421253.709094,2026-04-29 09:07:33,001440,대한전선,47100,0.4850794306419126,-0.0005968227743234955,47440,ServerFallbackScore,ready,server fallback,0.0010626992561104665,0.023913043478260843,0.6938775510204082,0.5,556.7774829944592,0.0021231422505307855,0.030785562632696495,0.03290870488322728,0.019108280254777066,1
1f995d0f3bf04ca08f26d31d779cb149,1777421255.726607,2026-04-29 09:07:35,078160,메디포스트,28950,0.40459904621741816,-0.0038160381513032736,29160,ServerFallbackScore,ready,server fallback,-0.0017241379310344307,0.01936619718309851,0.875,0.25,150.34914602218686,0.0017271157167530224,-0.010362694300518172,-0.029360967184801412,-0.024179620034542326,0
7ef83efc534d438bb48a31031f46b533,1777421259.6991434,2026-04-29 09:07:39,394800,쓰리빌리언,13610,0.4829283930867112,-0.0006828642765315518,13710,ServerFallbackScore,ready,server fallback,-0.0014673514306676738,0.02950075642965211,0.9433962264150944,0.25,226.37924008494562,0.0014695077149155032,-0.0022042615723733006,-0.00881704628949298,-0.019103600293901568,0
f1711d76e5fa4866ba6ac9facbf7dfd0,1777421271.7020433,2026-04-29 09:07:51,049480,오픈베이스,3510,0.6971381074306439,0.007885524297225754,3540,ServerFallbackScore,ready,server fallback,0.007173601147776099,0.05089820359281427,0.9333333333333333,0.5,1890.7332485481115,0.0014245014245014246,-0.0014245014245014564,-0.015669515669515688,-0.028490028490028463,0
2d05a3591f2c4ff2a710fe882cba3e3a,1777421257.7100046,2026-04-29 09:07:37,114630,폴라리스우노,2490,0.0,0.0,2490,ServerFallbackScore,blocked,호가 스프레드 과다 1.41%,0.002012072434607548,-0.00994035785288272,0.7777777777777778,0.25,185.49505064642628,0.014056224899598393,0.0,-0.002008032128514081,-0.010040160642570295,0
152b156739854e51a5ae3b13e152a538,1777421237.7138507,2026-04-29 09:07:17,002880,디와이에이,1111,0.5554140414041404,0.0022165616561656168,1120,ServerFallbackScore,ready,server fallback,-0.0053715308863026,0.2049891540130151,0.9356435643564357,0.25,6871.8270439496,0.0018001800180018,0.015301530153015275,0.04860486048604851,-0.05400540054005398,1
b6a4fe3a59244929894383a8cbdcc92a,1777421229.7009053,2026-04-29 09:07:09,304840,피플바이오,1430,0.0,0.0,1430,ServerFallbackScore,blocked,호가 스프레드 과다 1.19%,0.0006997900629810427,0.026561378320172357,0.7205882352941176,0.25,1033.0,0.011888111888111888,-0.009090909090909038,-0.03146853146853146,-0.027972027972028024,0
957cb95343f34811a8a0df39d3a7b35d,1777421337.714573,2026-04-29 09:08:57,065420,에스아이리소스,324,0.0,0.0,324,ServerFallbackScore,blocked,호가 스프레드 과다 1.54%,0.018867924528301883,0.03846153846153855,1.0,0.5,114776.0,0.015432098765432098,0.05246913580246915,0.1265432098765431,0.08333333333333326,1
21d07ae9fa70491fb671fe604597c707,1777421339.699116,2026-04-29 09:08:59,090710,휴림로봇,13210,0.5819284235893954,0.003277136943575818,13300,ServerFallbackScore,ready,server fallback,0.0007575757575757347,0.032031249999999956,0.9444444444444444,0.25,1769.8018738324013,0.000757002271006813,0.018925056775170424,0.01816805450416359,-0.01362604087812258,1
6c3b313f3af44920ab5370810731e4c5,1777421351.708227,2026-04-29 09:09:11,101670,하이드로리튬,2180,0.0,0.0,2180,ServerFallbackScore,blocked,호가 스프레드 과다 0.69%,-0.0022883295194507935,0.025882352941176467,0.8846153846153846,0.0,4428.626903497203,0.006880733944954129,-0.01834862385321101,-0.0344036697247706,-0.041284403669724745,0
9f5635c5857540afa25fb672ea099859,1777421357.700458,2026-04-29 09:09:17,0001A0,덕양에너젠,17530,0.41217169922067093,-0.003513132031173163,17660,ServerFallbackScore,ready,server fallback,-0.0005701254275940482,0.01859384079023818,0.631578947368421,0.5,65.77287257845518,0.0017113519680547634,0.01540216771249292,-0.0011409013120364797,-0.0096976611523103,0
c5734e831915467b9aabac7004a72e19,1777421363.7108533,2026-04-29 09:09:23,004020,현대제철,47650,0.569901997166381,0.0027960798866552405,47990,ServerFallbackScore,ready,server fallback,-0.0020942408376963817,0.030270270270270183,0.9375,0.25,2828.8646877113265,0.001049317943336831,-0.019937040923399763,-0.03357817418677855,-0.018887722980062915,0
28238225b31e4ed196a66413eb26851f,1777421377.7064767,2026-04-29 09:09:37,125490,한라캐스트,17920,0.3791256651509052,-0.004834973393963793,18050,ServerFallbackScore,ready,server fallback,-0.0027824151363383676,0.015873015873015817,0.775,0.25,879.473245442874,0.0016741071428571428,-0.010044642857142905,-0.009486607142857095,-0.011160714285714302,0
bc595724bf994d6aa46e60144ccbe696,1777421389.699726,2026-04-29 09:09:49,340440,세림B&G,2525,0.46367739674818953,-0.0014529041300724189,2540,ServerFallbackScore,ready,server fallback,-0.0039447731755424265,0.05870020964360578,0.9024390243902439,0.0,9812.0,0.005940594059405941,0.007920792079207928,0.03762376237623766,-0.00990099009900991,1
f147f3b233a2454ebc517c6d8a9787d7,1777421489.7018738,2026-04-29 09:11:29,077360,덕산하이메탈,17170,0.589963895729703,0.0035985558291881195,17290,ServerFallbackScore,ready,server fallback,0.0011661807580174433,0.04695121951219505,0.9746835443037974,0.5,826.3558860981179,0.0023296447291788003,0.014560279557367606,0.027373325567850992,0.0343622597553872,1
c94a2e685d3546c284d6240920a4e5db,1777421549.7101147,2026-04-29 09:12:29,299660,셀리드,3200,0.4784969442751457,-0.0008601222289941712,3220,ServerFallbackScore,ready,server fallback,-0.0015600624024960652,0.03559870550161803,0.9375,0.25,694.6801691279952,0.0046875,0.0015624999999999112,-0.004687499999999956,-0.009375000000000022,0
4e2eea3bea30415d81aac50b2c7929a1,1777421555.708479,2026-04-29 09:12:35,247540,에코프로비엠,218500,0.4550686361822909,-0.001797254552708365,220070,ServerFallbackScore,ready,server fallback,0.0,0.035545023696682554,0.9375,0.0,76.05794130396657,0.002288329519450801,-0.02517162471395884,-0.029748283752860427,-0.02517162471395884,0
ac2f8909e4d14ecc80cd923af831b2f8,1777421631.7047288,2026-04-29 09:13:51,336260,두산퓨얼셀,55500,0.54123264883081,0.0016493059532324006,55900,ServerFallbackScore,ready,server fallback,0.0,0.02777777777777768,1.0,0.5,1282.4106103554625,0.005405405405405406,-0.012612612612612595,-0.003603603603603567,0.02522522522522519,0
5c4d9876b06e4976b7739f71038abfe0,1777421639.7129781,2026-04-29 09:13:59,299660,셀리드,3195,0.5306197649849215,0.0012247905993968589,3220,ServerFallbackScore,ready,server fallback,0.006299212598425141,0.03398058252427183,0.8285714285714286,0.25,98.03353003847936,0.004694835680751174,0.009389671361502261,-0.009389671361502372,-0.014084507042253502,0
09dd2f1e3b714e8a956bafc4a5527a90,1777421557.7249084,2026-04-29 09:12:37,077360,덕산하이메탈,17140,0.533194801166768,0.0013277920466707193,17260,ServerFallbackScore,ready,server fallback,0.001168224299065379,0.045121951219512235,0.9367088607594937,0.0,2203.883539871829,0.0029171528588098016,0.01575262543757283,0.029171528588098017,0.05017502917152861,1
0687d093086d45dbb0616d0f32472f4a,1777421747.73968,2026-04-29 09:15:47,065450,빅텍,6120,0.5273839977421116,0.0010953599096844657,6160,ServerFallbackScore,ready,server fallback,-0.0016313213703099683,0.03728813559322042,0.8846153846153846,0.5,695.9514918115062,0.0032679738562091504,0.03267973856209161,0.004901960784313708,0.004901960784313708,0
0aa4e10567244d58bb0947e9c3a7d6b9,1777421807.7337244,2026-04-29 09:16:47,065450,빅텍,6110,0.0,0.0,6110,ServerFallbackScore,blocked,호가 스프레드 과다 0.82%,0.003284072249589487,0.035593220338983045,0.8461538461538461,1.0,237.9760932052438,0.008183306055646482,0.019639934533551617,0.00654664484451728,0.004909983633387904,1
01e10b670ed14fc887c293531ff4b64c,1777421825.7411497,2026-04-29 09:17:05,015860,일진홀딩스,10130,0.49860602509213026,-5.5758996314789754e-05,10200,ServerFallbackScore,ready,server fallback,0.001978239366963397,0.031568228105906204,0.9111111111111111,0.25,54.41521074759382,0.003948667324777887,0.005923000987166915,0.0049358341559724295,0.014807502467917066,0
3ccdb14da1594da18ab542c571946e9a,1777421819.7323081,2026-04-29 09:16:59,177900,쓰리에이로직스,7830,0.30127472189284116,-0.007949011124286354,7890,ServerFallbackScore,ready,server fallback,-0.0050825921219822545,0.010322580645161228,0.8666666666666667,0.25,73.79597639963325,0.0038314176245210726,-0.016602809706257937,-0.0063856960408684715,-0.010217113665389577,0
0e7e3f9ac9de409aa11ce6287f708453,1777421933.734141,2026-04-29 09:18:53,208640,썸에이지,221,0.3028463693169575,-0.007886145227321699,220,ServerFallbackScore,ready,server fallback,0.0,-0.008968609865470878,0.7857142857142857,0.0,25004.350474565454,0.004524886877828055,-0.018099547511312264,-0.004524886877828038,-0.022624434389140302,0
a31169e18f6144debf5072a997029761,1777421947.728082,2026-04-29 09:19:07,189860,서전기전,6990,0.5964800388652198,0.0038592015546087934,7040,ServerFallbackScore,ready,server fallback,0.0028694404591105283,0.024926686217008776,1.0,0.75,740.2187304207921,0.004291845493562232,0.02002861230329045,0.007153075822603716,0.01573676680972813,1
b64c0f6d71a54248a5aa17e4135844a2,1777422073.7324517,2026-04-29 09:21:13,108490,로보티즈,341500,0.3262598709038527,-0.006949605163845891,343960,ServerFallbackScore,ready,server fallback,0.0,0.01185185185185178,0.5714285714285714,0.25,45.28874837102694,0.0014641288433382138,0.008784773060029227,0.0014641288433381305,0.0014641288433381305,0
e1a15ecea3714d84be40e8d756232fab,1777422145.7657325,2026-04-29 09:22:25,100590,머큐리,6510,0.0,0.0,6510,ServerFallbackScore,blocked,호가 스프레드 과다 0.61%,0.014018691588784993,0.039936102236421744,0.8181818181818182,0.5,157.52796554720624,0.006144393241167435,-0.0023041474654378336,0.006144393241167334,0.01382488479262678,1
99c3576636294a71abc48217e6bae5a1,1777422171.771519,2026-04-29 09:22:51,304840,피플바이오,1404,0.5280906950340633,0.00112362780136253,1410,ServerFallbackScore,ready,server fallback,0.024070021881838155,0.007896625987078298,0.43037974683544306,0.5,32.72847380550641,0.004273504273504274,-0.009971509971509973,-0.01139601139601143,-0.01638176638176636,0
c52d7350e2a74b43a3bad5726a7d1c82,1777422191.7593434,2026-04-29 09:23:11,189330,씨이랩,6940,0.0,0.0,6940,ServerFallbackScore,blocked,호가 스프레드 과다 1.15%,0.0014430014430013571,0.040479760119940034,0.984375,0.75,55.68850145616627,0.011527377521613832,0.0057636887608070175,0.015850144092218965,-0.0028818443804035088,1
559891ff2c09435db63387ac967cead0,1777422189.7867448,2026-04-29 09:23:09,446540,메가터치,6820,0.3649625543001633,-0.005401497827993469,6870,ServerFallbackScore,ready,server fallback,-0.00727802037845704,0.06896551724137923,0.9074074074074074,0.0,8.407420793755385,0.005865102639296188,0.02052785923753664,0.011730205278592365,-0.0029325513196480912,1
5801b810785c42fe8762170ac2af763c,1777422237.7964492,2026-04-29 09:23:57,100590,머큐리,6500,0.44944245302105285,-0.002022301879157886,6550,ServerFallbackScore,ready,server fallback,-0.001536098310291889,0.03833865814696491,0.7878787878787878,0.25,139.43946776521477,0.003076923076923077,-0.003076923076923088,0.004615384615384688,0.0015384615384614886,0
4bb0c882030d47be956c0cb8cf8f40f4,1777422247.7957447,2026-04-29 09:24:07,189330,씨이랩,6910,0.0,0.0,6910,ServerFallbackScore,blocked,호가 스프레드 과다 0.72%,0.0,0.0359820089955023,0.9375,0.25,80.20390244439305,0.00723589001447178,0.00723589001447178,0.011577424023154759,0.00723589001447178,1
41dd52ae59404a98be2bbc00aa9018a0,1777422269.793727,2026-04-29 09:24:29,452260,한화갤러리아,3270,0.4154281753758156,-0.0033828729849673758,3290,ServerFallbackScore,ready,server fallback,0.0,0.02507836990595602,0.8709677419354839,0.0,663.6158064623745,0.0030581039755351682,0.003058103975535076,-0.00917431192660545,-0.004587155963302725,0
7467981aa5a24b0d92d0d71dcf486c24,1777422285.7952712,2026-04-29 09:24:45,446540,메가터치,6860,0.0,0.0,6860,ServerFallbackScore,blocked,호가 스프레드 과다 0.73%,0.0014598540145984717,0.07523510971786829,0.9464285714285714,0.0,348.09938398283117,0.007288629737609329,0.004373177842565523,0.02186588921282806,-0.005830903790087438,1
17aaece877514340b04aae05529bba73,1777422375.8014274,2026-04-29 09:26:15,282720,금양그린파워,15680,0.6510118666788542,0.00604047466715417,15790,ServerFallbackScore,ready,server fallback,0.0031989763275752647,0.04116865869853914,1.0,0.5,2450.0,0.004464285714285714,-0.0012755102040816757,-0.005102040816326481,-0.015306122448979553,0
96fa04396a2d47608b2315fd137e888d,1777422363.8007896,2026-04-29 09:26:03,299660,셀리드,3210,0.0,0.0,3210,ServerFallbackScore,blocked,호가 스프레드 과다 1.09%,0.012618296529968376,0.03883495145631066,0.8205128205128205,1.0,116.27469177028786,0.010903426791277258,-0.010903426791277204,-0.01869158878504673,-0.01869158878504673,0
306bd92affa84016be1987eba723dcea,1777422451.7939336,2026-04-29 09:27:31,453450,그리드위즈,25600,0.4043414654622546,-0.003826341381509817,25780,ServerFallbackScore,ready,server fallback,-0.0009756097560975618,0.028112449799196693,0.9444444444444444,0.0,10.019555782351784,0.00390625,0.029296875,0.017578125,0.01953125,1
11749590fde04de3a3689bbcf1a0da2d,1777422495.8039255,2026-04-29 09:28:15,001440,대한전선,48150,0.47811033667546743,-0.0008755865329813029,48500,ServerFallbackScore,ready,server fallback,-0.0031055900621117516,0.046739130434782616,0.6790123456790124,0.0,2875.126435087248,0.0010384215991692627,0.006230529595015577,-0.0010384215991692258,-0.004153686396677014,0
9d4a877b8b8040ec82afaafde5b35176,1777422561.7949357,2026-04-29 09:29:21,001440,대한전선,48200,0.6146065465045069,0.004584261860180274,48550,ServerFallbackScore,ready,server fallback,0.0010384215991692258,0.047826086956521685,0.691358024691358,0.5,2752.6188215947186,0.001037344398340249,-0.003112033195020736,0.0,0.0,0
57b670ee1178414fbafa297e59962cf2,1777422575.8033257,2026-04-29 09:29:35,215090,솔디펜스,3260,0.5323122727388169,0.0012924909095526748,3280,ServerFallbackScore,ready,server fallback,-0.0015313935681470214,0.0365659777424483,0.96,0.5,341.60132978897065,0.003067484662576687,0.010736196319018454,-0.0030674846625766694,-0.013803680981595123,0
e68908d72a2a4d20b7abe78781a55ec2,1777422651.8019876,2026-04-29 09:30:51,094820,일진파워,21900,0.6110642073782092,0.004442568295128369,22060,ServerFallbackScore,ready,server fallback,0.0,0.04784688995215314,0.9259259259259259,0.75,1451.7892350449063,0.0045662100456621,0.0022831050228311334,-0.0022831050228310223,0.004566210045662045,0
dc9709d8c8e64dca984307e8e7e024b5,1777422661.8032024,2026-04-29 09:31:01,039860,나노엔텍,5830,0.0,0.0,5830,ServerFallbackScore,blocked,호가 스프레드 과다 0.69%,0.0017182130584192379,0.03736654804270456,0.9310344827586207,0.0,951.3611263664291,0.00686106346483705,0.06003430531732423,0.10291595197255576,0.1921097770154374,1
bb35e2134def4379a3db3cf3d7677b4a,1777422667.8038104,2026-04-29 09:31:07,077970,STX엔진,60300,0.49279277202525235,-0.00028828911898990615,60730,ServerFallbackScore,ready,server fallback,-0.0016556291390728006,0.041450777202072464,0.9444444444444444,0.25,210.76579724399556,0.001658374792703151,0.0016583747927032544,-0.018242122719734688,-0.028192371475953548,0
f918e520722d4b0fa281b985da3cb8ac,1777422713.8115747,2026-04-29 09:31:53,094820,일진파워,21900,0.0,0.0,21900,ServerFallbackScore,blocked,호가 스프레드 과다 0.68%,-0.004545454545454519,0.04784688995215314,0.9259259259259259,0.5,295.9515892780934,0.00684931506849315,0.0022831050228311334,0.0,0.0022831050228311334,0
67b7cb99704347248f062a16d10d3ea6,1777422725.7936704,2026-04-29 09:32:05,014620,성광벤드,48650,0.5910441691023189,0.0036417667640927577,49000,ServerFallbackScore,ready,server fallback,0.002059732234809486,0.04623655913978486,1.0,0.5,18.74355964267032,0.0010277492291880781,-0.01130524152106882,-0.01336073997944498,-0.020554984583761593,0
0396467f97994842a5c7768a4cb3230f,1777422749.8027432,2026-04-29 09:32:29,077970,STX엔진,60600,0.5258512708383138,0.0010340508335325539,61040,ServerFallbackScore,ready,server fallback,-0.003289473684210509,0.04663212435233155,0.925,0.5,526.9034195735876,0.0016501650165016502,-0.011551155115511524,-0.02640264026402639,-0.02970297029702973,0
002ae646d4d543f893b0532fdb42ad19,1777422787.7968183,2026-04-29 09:33:07,215090,솔디펜스,3340,0.6763070364866777,0.007052281459467107,3360,ServerFallbackScore,ready,server fallback,0.0030030030030030463,0.062003179650238494,0.9696969696969697,0.5,3680.743970804462,0.0029940119760479044,-0.0239520958083832,-0.03742514970059885,-0.029940119760479056,0
dd6d7247c1cf479db0e42f4d017c3b09,1777422791.8045185,2026-04-29 09:33:11,094820,일진파워,21900,0.49740112759752586,-0.00010395489609896558,22060,ServerFallbackScore,ready,server fallback,0.0,0.04784688995215314,0.9259259259259259,0.25,56.96533477509198,0.00228310502283105,-0.004566210045662156,0.0022831050228311334,0.0022831050228311334,0
d2d04f3658b64a8d9901c28f3b51eba3,1777422781.8032103,2026-04-29 09:33:01,192410,오늘이엔엠,6270,0.381549793317808,-0.004738008267287681,6320,ServerFallbackScore,ready,server fallback,-0.0031796502384737746,0.02450980392156854,0.9310344827586207,0.0,94.28768907043475,0.001594896331738437,0.0015948963317384823,-0.012759170653907526,-0.03189792663476876,0
d28a8582ee8449728031f585032d3cdf,1777422859.7947156,2026-04-29 09:34:19,094820,일진파워,21900,0.5261523312348129,0.0010460932493925146,22060,ServerFallbackScore,ready,server fallback,0.0022883295194509046,0.04784688995215314,0.9259259259259259,0.25,118.58611208588202,0.00228310502283105,0.0,0.0022831050228311334,0.006849315068493178,0
e699a494901a4574818ed2756577f8ca,1777422869.8022428,2026-04-29 09:34:29,023160,태광,47550,0.0,0.0,47550,ServerFallbackScore,blocked,호가 스프레드 과다 1.05%,-0.007306889352818424,0.013859275053304865,0.7619047619047619,0.0,49.650288069497186,0.010515247108307046,0.001051524710830698,-0.01051524710830709,-0.007360672975814886,0
cbc9a3ac45d64f91bf391ea5e511b2f9,1777423069.8178463,2026-04-29 09:37:49,009470,삼화전기,47000,0.4250876160758861,-0.002996495356964557,47340,ServerFallbackScore,ready,server fallback,-0.002123142250530785,0.02957283680175249,0.926829268292683,0.0,26.084277051654716,0.0010638297872340426,0.0,0.004255319148936065,-0.006382978723404209,0
68fa9decec224bbc82501c5438ee362c,1777423301.8188813,2026-04-29 09:41:41,288980,모아데이타,1532,0.5557780733781206,0.002231122935124823,1540,ServerFallbackScore,ready,server fallback,0.0013071895424836555,0.04288631722260039,1.0,0.5,90.76058732290399,0.0039164490861618795,0.004569190600522299,0.0032637075718016106,0.0032637075718016106,0
e3d51d33852544e7b08d1b6d7961e865,1777423377.8160703,2026-04-29 09:42:57,039830,오로라,15880,0.4648728431916722,-0.0014050862723331114,15990,ServerFallbackScore,ready,server fallback,-0.009357454772301987,0.26735833998403824,0.9007444168734491,0.25,1254.5835806536923,0.004408060453400504,-0.006297229219143552,0.025188916876574208,0.025188916876574208,1
3cfa0c0dc1e141baaf94ac0e5df37bb1,1777423627.8233893,2026-04-29 09:47:07,012200,계양전기,7160,0.40638522838543567,-0.0037445908645825734,7210,ServerFallbackScore,ready,server fallback,0.0,0.019943019943019946,0.8947368421052632,0.0,645.8831845133363,0.0013966480446927375,0.013966480446927276,0.0013966480446927498,-0.005586592178770999,0
1da8e7852ccc49458740ddb3b412e0ed,1777423629.8148954,2026-04-29 09:47:09,189330,씨이랩,7020,0.6007990838215801,0.0040319633528632035,7070,ServerFallbackScore,ready,server fallback,0.008620689655172376,0.052473763118440875,0.9342105263157895,0.25,266.6951479326642,0.002849002849002849,-0.007122507122507171,-0.014245014245014231,-0.019943019943019946,0
50cf40d693b84972b1b77b1e0c74b184,1777423691.811858,2026-04-29 09:48:11,012200,계양전기,7240,0.6375875767876084,0.0055035030715043344,7290,ServerFallbackScore,ready,server fallback,0.008356545961002881,0.031339031339031376,1.0,0.5,259.2390532380846,0.004143646408839779,0.004143646408839796,-0.006906077348066253,-0.017955801104972413,0
4f1352ec75d944b0a1050ab63a9f754d,1777423797.81222,2026-04-29 09:49:57,340440,세림B&G,2530,0.5090466779597214,0.0003618671183888544,2550,ServerFallbackScore,ready,server fallback,0.0,0.06079664570230614,0.6785714285714286,0.0,4552.957223616946,0.001976284584980237,-0.015810276679841917,-0.011857707509881465,0.0039525691699604515,0
a330f3ce8f0749b79a9d47c50f190699,1777424123.8193107,2026-04-29 09:55:23,036620,감성코퍼레이션,6700,0.3628810471452264,-0.005484758114190944,6750,ServerFallbackScore,ready,server fallback,-0.0029761904761904656,0.03235747303543923,0.7142857142857143,0.0,662.0,0.005970149253731343,0.010447761194029903,-0.004477611940298498,-0.014925373134328401,0
16fe4359ec7744fbbffe38e55c0e7810,1777424191.8188002,2026-04-29 09:56:31,036620,감성코퍼레이션,6740,0.4925478705601349,-0.00029808517759460473,6790,ServerFallbackScore,ready,server fallback,0.0029761904761904656,0.03852080123266566,0.8285714285714286,0.25,45.795308551965825,0.004451038575667656,0.004451038575667754,-0.016320474777448024,-0.02522255192878342,0
8d01030da2864c7aa37e4d6063fc79bf,1777424207.8243914,2026-04-29 09:56:47,0008Z0,에스엔시스,43050,0.4755288817009391,-0.000978844731962436,43360,ServerFallbackScore,ready,server fallback,0.0,0.03237410071942448,0.9272727272727272,0.25,102.32194675196207,0.004645760743321719,0.0011614401858304202,-0.006968641114982632,-0.0011614401858304202,0
d909723d54234fbd8af86edc8d03ddfd,1777424271.8148954,2026-04-29 09:57:51,060380,동양에스텍,1663,0.0,0.0,1663,ServerFallbackScore,blocked,호가 스프레드 과다 0.96%,-0.0035949670461353778,0.05520304568527923,0.9251700680272109,1.0,3650.23121584414,0.009621166566446182,-0.02525556223692127,-0.02946482260974148,-0.0198436560432953,0
e6653902ac8a4684a6ff6acd4bafd4d4,1777424281.8101928,2026-04-29 09:58:01,0008Z0,에스엔시스,43300,0.0,0.0,43300,ServerFallbackScore,blocked,호가 스프레드 과다 0.69%,0.0034762456546928444,0.0383693045563549,0.9333333333333333,0.5,98.3092163906662,0.006928406466512702,-0.009237875288683584,-0.012702078521939941,-0.01385681293302543,0
729fc79be50f4e2aae426ff694919cb7,1777424345.8149264,2026-04-29 09:59:05,036620,감성코퍼레이션,6750,0.0,0.0,6750,ServerFallbackScore,blocked,호가 스프레드 과다 0.74%,-0.004424778761061954,0.04006163328197232,0.6818181818181818,0.25,77.49423129239122,0.007407407407407408,-0.002962962962962945,-0.0251851851851852,-0.026666666666666616,0
c6354f7d75da4419995c73b41864a3f0,1777424379.8056526,2026-04-29 09:59:39,227610,아우딘퓨쳐스,765,0.0,0.0,765,ServerFallbackScore,blocked,호가 스프레드 과다 1.31%,0.00923482849604218,0.05226960110041268,0.9523809523809523,0.5,1286.7065975231403,0.013071895424836602,-0.01437908496732021,0.05882352941176472,-0.0013071895424836555,1
53b3ce3defee4d04bf12b6c852e57570,1777424565.8426137,2026-04-29 10:02:45,041920,메디아나,20700,0.0,0.0,20700,ServerFallbackScore,blocked,호가 스프레드 과다 0.72%,0.004854368932038833,0.017199017199017286,1.0,0.5,20.752069327580518,0.007246376811594203,0.004830917874396157,0.004830917874396157,0.012077294685990392,0
20bcda8e377544adaacee4f8057aaac4,1777424645.8544312,2026-04-29 10:04:05,041920,메디아나,20700,0.0,0.0,20700,ServerFallbackScore,blocked,호가 스프레드 과다 0.72%,0.002421307506053294,0.017199017199017286,0.7586206896551724,0.25,57.81007789638613,0.007246376811594203,0.007246376811594235,0.004830917874396157,0.007246376811594235,0
1d1c4aa77a3e445db5a73f720edcdf94,1777424655.8758483,2026-04-29 10:04:15,206400,베노티앤알,1360,0.0,0.0,1360,ServerFallbackScore,blocked,호가 스프레드 과다 0.88%,-0.0029325513196480912,0.05836575875486383,0.9302325581395349,0.25,66.7492550764427,0.008823529411764706,0.003676470588235281,0.010294117647058787,-0.020588235294117685,1
cb058aa626004f98a9569bd4d567fd4f,1777424613.8381515,2026-04-29 10:03:33,900310,컬러레이,552,0.0,0.0,552,ServerFallbackScore,blocked,호가 스프레드 과다 1.09%,0.0,0.007299270072992803,0.6923076923076923,0.25,27.730627473751472,0.010869565217391304,-0.0018115942028985588,-0.0126811594202898,-0.01449275362318836,0
3fc1da194d054662b5d44b3e97501557,1777424969.8594594,2026-04-29 10:09:29,091970,나노캠텍,724,0.0,0.0,724,ServerFallbackScore,blocked,호가 스프레드 과다 1.52%,0.019718309859154903,0.08059701492537319,0.6835443037974683,0.5,665.3405534537304,0.015193370165745856,-0.006906077348066253,-0.01933701657458564,0.0,0
5c0b700fb72b4a18beafefdf4e0ed9a0,1777424995.8610215,2026-04-29 10:09:55,092870,엑시콘,38150,0.4925530894828534,-0.0002978764206858631,38420,ServerFallbackScore,ready,server fallback,0.0,0.09000000000000008,0.8850574712643678,0.25,233.65193336705767,0.002621231979030144,-0.006553079947575369,-0.010484927916120546,-0.017038007863695914,0
28673eafd0de4ec6aa6ef39192539d7a,1777424989.866582,2026-04-29 10:09:49,007340,DN오토모티브,42300,0.5016026301246822,6.410520498728811e-05,42600,ServerFallbackScore,ready,server fallback,0.0,0.030450669914738215,0.9473684210526315,0.25,2.4988023220059064,0.001182033096926714,-0.015366430260047248,-0.009456264775413725,-0.010638297872340385,0
bf543b1b919b4b3ab98419bad9f65c8c,1777425069.8638272,2026-04-29 10:11:09,091970,나노캠텍,721,0.5382023049754833,0.0015280921990193307,730,ServerFallbackScore,ready,server fallback,0.008391608391608463,0.07611940298507469,0.6455696202531646,0.25,421.19655964443314,0.004160887656033287,-0.006934812760055475,-0.01664355062413314,-0.012482662968099856,0
a78c2bc37e244601b673c60192b6d5d9,1777425147.8648136,2026-04-29 10:12:27,042370,비츠로테크,18080,0.7023404342248265,0.008093617368993061,18230,ServerFallbackScore,ready,server fallback,0.0016620498614958734,0.07363420427553447,1.0,0.75,3655.2734864589274,0.0038716814159292035,0.0005530973451326471,0.06471238938053103,0.011615044247787587,1
47594274d92d4583964855e73cb1b877,1777425251.8695347,2026-04-29 10:14:11,038500,삼표시멘트,17360,0.6500608355766452,0.006002433423065807,17480,ServerFallbackScore,ready,server fallback,0.0,0.05853658536585371,0.9801980198019802,0.5,3525.0,0.002304147465437788,-0.016705069124423932,-0.017281105990783363,-0.02131336405529949,0
27cc2b0f2c264f6ebf82d2a3b91809d7,1777425815.8844066,2026-04-29 10:23:35,094820,일진파워,22350,0.4204666244793726,-0.0031813350208250955,22510,ServerFallbackScore,ready,server fallback,-0.0022321428571429047,0.06937799043062198,0.9444444444444444,0.0,437.53061357582544,0.0044742729306487695,-0.01118568232662187,-0.008948545861297563,-0.008948545861297563,0
4384e3c0e4374d1b9f9aa0858e16f820,1777425875.9150825,2026-04-29 10:24:35,094820,일진파워,22375,0.4922552189720598,-0.0003097912411176074,22540,ServerFallbackScore,ready,server fallback,-0.0011160714285713969,0.07057416267942584,0.9324324324324325,0.25,243.53749547916112,0.0022346368715083797,-0.007821229050279377,-0.010055865921787754,-0.007821229050279377,0
0b637ce2b03a49ba814f7a1189c86a7a,1777425975.9125516,2026-04-29 10:26:15,091970,나노캠텍,722,0.5975687529196151,0.0039027501167846037,730,ServerFallbackScore,ready,server fallback,0.011204481792717047,0.07761194029850738,0.6582278481012658,0.25,316.5760457646092,0.0013850415512465374,-0.011080332409972304,-0.023545706371191133,0.0027700831024930483,0
94687aae4c2441e1a23e008f0c2cb0eb,1777426241.9444132,2026-04-29 10:30:41,0008Z0,에스엔시스,44400,0.0,0.0,44400,ServerFallbackScore,blocked,호가 스프레드 과다 1.24%,0.005662514156285381,0.06474820143884896,1.0,0.5,638.1090999129735,0.012387387387387387,-0.011261261261261257,0.0045045045045044585,0.016891891891891886,0
b43d0a9a75654e4a9c1293f397549077,1777426317.9283066,2026-04-29 10:31:57,0008Z0,에스엔시스,43400,0.39764584401749603,-0.0040941662393001585,43710,ServerFallbackScore,ready,server fallback,-0.0022988505747126853,0.04076738609112707,0.6823529411764706,0.0,194.889259137047,0.001152073732718894,0.012672811059907918,0.02995391705069128,0.033410138248847865,1
43d2584d691d4c7db07479d4ebf86723,1777426349.9195042,2026-04-29 10:32:29,267320,나인테크,3620,0.0,0.0,3620,ServerFallbackScore,blocked,호가 스프레드 과다 0.69%,0.0027700831024930483,0.05232558139534893,0.8387096774193549,0.25,3227.949981378287,0.006906077348066298,0.046961325966850875,0.023480662983425438,0.04972375690607733,1
c1b31abd925d4f11b6e0dd77c2fdd4de,1777426381.9327059,2026-04-29 10:33:01,0008Z0,에스엔시스,44050,0.5490542777218931,0.001962171108875723,44370,ServerFallbackScore,ready,server fallback,0.003416856492027387,0.05635491606714638,0.8352941176470589,0.5,227.2288599079126,0.004540295119182747,0.0034052213393871433,0.0034052213393871433,0.018161180476730987,0
9bd8b3819dbc4781b280fce356c8f943,1777426463.9594595,2026-04-29 10:34:23,0008Z0,에스엔시스,44050,0.6205948849989075,0.004823795399956299,44370,ServerFallbackScore,ready,server fallback,0.008009153318077722,0.05635491606714638,0.8352941176470589,0.5,85.09892122331406,0.0022701475595913734,-0.002270147559591429,0.002270147559591429,0.02497162315550505,0
5b168c478323454ebf4b991ef10cab9d,1777427187.9686894,2026-04-29 10:46:27,024950,삼천리자전거,5280,0.0,0.0,5280,ServerFallbackScore,blocked,호가 스프레드 과다 0.95%,0.007633587786259444,0.02127659574468077,1.0,1.0,2783.481400876377,0.00946969696969697,-0.007575757575757569,-0.024621212121212155,-0.02840909090909094,0
913a955677ad43f3b871791dd4db286c,1777427375.9618022,2026-04-29 10:49:35,012610,경인양행,5210,0.5014906700741761,5.9626802967045476e-05,5250,ServerFallbackScore,ready,server fallback,-0.003824091778202643,0.07755946225439514,0.8823529411764706,0.25,1644.2620812067987,0.0019193857965451055,-0.017274472168905985,-0.017274472168905985,-0.02303262955854124,0
218af4bf55ee4e798b8e9da1f8ae561c,1777427419.9728346,2026-04-29 10:50:19,402340,SK스퀘어,846000,0.5571990366503748,0.0022879614660149938,852090,ServerFallbackScore,ready,server fallback,0.0,0.06148055207026348,0.954954954954955,0.5,13.82427183250033,0.001182033096926714,-0.00886524822695034,-0.004728132387706863,-0.0011820330969266601,0
14d8de960fd74c9d914eed65af14281e,1777427373.988704,2026-04-29 10:49:33,024950,삼천리자전거,5230,0.18642825872822155,-0.012542869650871138,5270,ServerFallbackScore,ready,server fallback,-0.003809523809523818,0.011605415860735047,0.4444444444444444,0.0,543.2368192451797,0.0057361376673040155,-0.019120458891013437,-0.013384321223709361,-0.017208413001912004,0
e146a61811bd49bf983c550d96c84ea0,1777427529.9758663,2026-04-29 10:52:09,453450,그리드위즈,26800,0.4877598340985337,-0.0004896066360586526,26990,ServerFallbackScore,ready,server fallback,-0.0018621973929237035,0.0763052208835342,0.9318181818181818,0.25,262.44742119843886,0.0018656716417910447,0.001865671641791078,0.011194029850746245,0.026119402985074647,1
578eb397b4714b1687b05990b2748c95,1777427635.9678154,2026-04-29 10:53:55,453450,그리드위즈,26950,0.5651433705847979,0.0026057348233919165,27140,ServerFallbackScore,ready,server fallback,0.0,0.08232931726907622,0.9777777777777777,0.5,330.8873884159265,0.0018552875695732839,-0.005565862708719838,0.0,-0.005565862708719838,0
b57876a175754ed1857f979f9e6ba43c,1777427649.988784,2026-04-29 10:54:09,024950,삼천리자전거,5110,0.17243052837573386,-0.013102778864970646,5150,ServerFallbackScore,ready,server fallback,-0.011605415860735047,-0.011605415860735047,0.17777777777777778,0.0,3116.0304307804386,0.0019569471624266144,0.005870841487279899,0.005870841487279899,0.009784735812133016,0
28285678d0004bd6a812be56a707b3d3,1777427743.9866183,2026-04-29 10:55:43,025820,이구산업,5850,0.5934558014284036,0.003738232057136144,5890,ServerFallbackScore,ready,server fallback,0.001712328767123239,0.039076376554174175,0.8666666666666667,0.25,4791.066723621905,0.003418803418803419,-0.011965811965811923,-0.01025641025641022,-0.01025641025641022,0
4c9b592e76ac49008972099f92c672b4,1777427835.9811194,2026-04-29 10:57:15,126730,코칩,19950,0.6554074709305868,0.006216298837223473,20090,ServerFallbackScore,ready,server fallback,0.004531722054380571,0.034214618973561484,1.0,0.75,178.001108132523,0.002506265664160401,0.00877192982456143,0.010025062656641603,0.007518796992481258,1
33ae3c2fb48248af8ab49a5adde92881,1777427865.9872866,2026-04-29 10:57:45,066910,손오공,695,0.8652920996324156,0.014611683985296624,700,ServerFallbackScore,ready,server fallback,0.025073746312684442,0.05945121951219523,1.0,0.75,740.4176652314578,0.0014388489208633094,-0.02877697841726623,-0.018705035971222972,-0.03309352517985609,0
5a55e6f3791b49b58e95b4b4db41f55a,1777427927.9920568,2026-04-29 10:58:47,340810,시선AI,3195,0.0,0.0,3195,ServerFallbackScore,blocked,호가 스프레드 과다 0.78%,0.011075949367088667,0.04754098360655745,1.0,0.5,34.350862393990354,0.00782472613458529,0.003129890453834161,0.00782472613458518,0.0015649452269170805,1
576cf9a6dcee460e922d7db00fec8284,1777427953.9848244,2026-04-29 10:59:13,066910,손오공,672,0.0,0.0,672,ServerFallbackScore,blocked,호가 스프레드 과다 1.04%,-0.030303030303030276,0.024390243902439046,0.4523809523809524,0.25,97.60162800495284,0.010416666666666666,0.007440476190476275,0.014880952380952328,0.0,1
d130e080021c4475b483463d9abc2cd3,1777428665.9947836,2026-04-29 11:11:05,189330,씨이랩,7090,0.37530112777437263,-0.004987954889025095,7140,ServerFallbackScore,ready,server fallback,-0.007002801120448154,0.06296851574212892,0.9397590361445783,0.0,76.85972070207853,0.005641748942172073,0.021156558533145242,0.014104372355430161,0.0014104372355430161,1
15400c47e4d14e839e41a82249953093,1777428700.0054698,2026-04-29 11:11:40,452260,한화갤러리아,3310,0.5662212409946549,0.002648849639786195,3330,ServerFallbackScore,ready,server fallback,-0.004511278195488688,0.037617554858934144,0.8974358974358975,0.5,3414.642382266488,0.004531722054380665,-0.009063444108761365,-0.012084592145015116,-0.02114803625377648,0
e63ec44a209646b6a1b9cfd81fb18889,1777428758.012961,2026-04-29 11:12:38,452260,한화갤러리아,3300,0.5144505442118403,0.0005780217684736134,3320,ServerFallbackScore,ready,server fallback,-0.0030211480362537513,0.034482758620689724,0.8048780487804879,0.25,2049.1221301748456,0.0015151515151515152,-0.010606060606060619,-0.013636363636363669,-0.01666666666666672,0
ea151b3d810848cba9b12121398d3d76,1777428818.0095837,2026-04-29 11:13:38,452260,한화갤러리아,3330,0.717996711080755,0.008719868443230201,3360,ServerFallbackScore,ready,server fallback,0.003012048192771122,0.043887147335423204,0.9512195121951219,0.75,9902.745512261412,0.003003003003003003,-0.019519519519519468,-0.024024024024024038,-0.027027027027026973,0
039b03328f5443d784921ca2695c49d3,1777428894.0229645,2026-04-29 11:14:54,099440,스맥,4605,0.49890606762052137,-4.3757295179145396e-05,4640,ServerFallbackScore,ready,server fallback,0.0010869565217390686,0.017679558011049812,1.0,0.5,67.413057421231,0.0010857763300760044,0.0010857763300760048,0.004343105320304019,0.0010857763300760048,0
f1a912b5def84706b8af80a7f294bc98,1777431266.9448097,2026-04-29 11:54:26,057540,옴니시스템,981,0.4819938200815494,-0.0007202471967380242,990,OpeningRealtimeScore,ready,,-0.007085020242915019,0.1059751972942502,0.734375,0.0,5319.504149836337,0.0010193679918450561,0.006116207951070374,0.04485219164118237,0.08053007135575951,1
767230cab8534c0698a37ed9b82ad9aa,1777431288.6137924,2026-04-29 11:54:48,396470,워트,7940,0.29591421045895383,-0.008163431581641846,8000,ServerFallbackScore,ready,server fallback,0.0,0.0012610340479193294,0.7333333333333333,0.25,14.79708727391728,0.0012594458438287153,-0.0012594458438287548,0.0,0.0012594458438286438,0
9b1965e92f8d40db881c4663c91b420d,1777431480.6212304,2026-04-29 11:58:00,088280,쏘닉스,7630,0.0,0.0,7630,ServerFallbackScore,blocked,호가 스프레드 과다 0.79%,-0.0052151238591916504,0.06862745098039214,0.9473684210526315,0.25,832.5980733723165,0.007863695937090432,-0.019659239842726106,-0.010484927916120546,0.03145478374836164,0
53db11f9a3a3429eb99485061cc78b83,1777431762.6261296,2026-04-29 12:02:42,475430,키스트론,5220,0.5221561717138192,0.0008862468685527691,5260,ServerFallbackScore,ready,server fallback,0.0,0.07186858316221767,0.926829268292683,0.0,2034.5197463122483,0.0019157088122605363,0.0019157088122605526,0.06321839080459779,0.04980842911877392,1
7eeac4ccc6b64d7785bd399a05520b24,1777431812.6228724,2026-04-29 12:03:32,475430,키스트론,5180,0.5137884995783285,0.0005515399831331402,5220,ServerFallbackScore,ready,server fallback,0.003875968992248069,0.06365503080082147,0.8292682926829268,0.25,187.3182178763858,0.003861003861003861,0.009652509652509744,0.08108108108108114,0.061776061776061875,1
04d4be5387674445af02d319f4b70614,1777432130.6436312,2026-04-29 12:08:50,088280,쏘닉스,7720,0.0,0.0,7720,ServerFallbackScore,blocked,호가 스프레드 과다 0.65%,0.0,0.08123249299719881,0.9759036144578314,0.5,1224.9871935522528,0.006476683937823834,-0.0090673575129534,0.011658031088082943,0.01943005181347157,1
6cbe7a0de0584726be7c1479427689cc,1777432342.6394637,2026-04-29 12:12:22,095910,에스에너지,2290,0.5808961279854237,0.003235845119416947,2310,ServerFallbackScore,ready,server fallback,0.004385964912280604,0.05773672055427248,0.7619047619047619,0.5,1187.5540741010575,0.004366812227074236,-0.012227074235807822,-0.01091703056768556,0.004366812227074135,0
8168ad06d5794182813dc2d61534755b,1777432406.650604,2026-04-29 12:13:26,388870,파로스아이바이오,9730,0.0,0.0,9730,ServerFallbackScore,blocked,호가 스프레드 과다 1.34%,0.005165289256198413,0.04623655913978486,1.0,1.0,1998.0,0.013360739979445015,-0.0030832476875641834,-0.004110996916752319,-0.0174717368961973,0
8ee511b21fd1488a950726758aff6080,1777432616.6812742,2026-04-29 12:16:56,004710,한솔테크닉스,8150,0.5323599688907588,0.0012943987556303504,8210,ServerFallbackScore,ready,server fallback,0.0,0.02515723270440251,0.9782608695652174,0.5,329.33435268221734,0.001226993865030675,0.01717791411042935,0.008588957055214674,0.02944785276073625,1
eca9c225d40d4bed8b5a9ee10b6f4ba3,1777432688.6686122,2026-04-29 12:18:08,004710,한솔테크닉스,8140,0.4346719724915736,-0.002613121100337057,8200,ServerFallbackScore,ready,server fallback,-0.002450980392156854,0.023899371069182385,0.9361702127659575,0.25,49.9127768993261,0.0012285012285012285,0.01228501228501222,0.011056511056511065,0.03439803439803435,1
e63868383f0a4a80b98de9bbd203e1f1,1777433088.6706636,2026-04-29 12:24:48,307870,비투엔,1214,0.3868239691453733,-0.004527041234185068,1220,ServerFallbackScore,ready,server fallback,0.0,0.02360876897133224,0.9074074074074074,0.0,673.0346030224375,0.005766062602965404,-0.0049423393739703725,0.0,-0.00906095551894559,0
cd1a3b7f7b0749a281904c911a1ebccd,1777433184.67313,2026-04-29 12:26:24,095910,에스에너지,2320,0.6219254117529975,0.004877016470119902,2340,ServerFallbackScore,ready,server fallback,0.0043290043290042934,0.07159353348729791,0.9047619047619048,0.25,9129.0,0.004310344827586207,-0.012931034482758674,0.02155172413793105,0.004310344827586299,1
56ffa99cbd7e45e1b3e0f7ed54326270,1777433188.6804404,2026-04-29 12:26:28,038460,바이오스마트,4595,0.4368803568513235,-0.0025247857259470606,4630,ServerFallbackScore,ready,server fallback,-0.005411255411255422,0.062427745664739964,0.9305555555555556,0.25,237.1778437333923,0.004352557127312296,-0.0010881392818280489,-0.008705114254624613,-0.01196953210010876,0
948faec857ad45b79d1afbacce6ec83d,1777433286.6832507,2026-04-29 12:28:06,095910,에스에너지,2305,0.0,0.0,2305,ServerFallbackScore,blocked,호가 스프레드 과다 0.65%,-0.004319654427645814,0.0646651270207852,0.8333333333333334,0.5,293.2297839035048,0.006507592190889371,0.0,0.006507592190889477,0.015184381778741818,1
1f98349f7495454bbdc40c45a26390da,1777435704.7019856,2026-04-29 13:08:24,159010,아스플로,11000,0.0,0.0,11000,ServerFallbackScore,blocked,호가 스프레드 과다 0.64%,0.0009099181073703999,0.08588351431391916,0.925531914893617,0.25,73.0353460694878,0.006363636363636364,0.006363636363636349,0.0027272727272726893,0.0027272727272726893,0
079cb441d1c841caa07ae56312b85a7d,1777435744.7059364,2026-04-29 13:09:04,067990,도이치모터스,5490,0.48750660952390457,0.007285974499089187,5530,ServerFallbackScore,ready,server fallback,0.003656307129798808,0.05576923076923079,0.8064516129032258,0.25,79.99634290521729,0.00546448087431694,0.0018214936247722413,0.0036429872495447047,-0.00910746812386154,0
a1c636a96add43929f931c0d0716028c,1777435782.7113464,2026-04-29 13:09:42,009470,삼화전기,50100,0.5858196650480874,0.007185628742514938,50460,ServerFallbackScore,ready,server fallback,0.0020000000000000018,0.09748083242059136,0.9803921568627451,0.5,1177.4782924077501,0.00499001996007984,-0.007984031936127733,-0.009980039920159722,-0.008982035928143728,0
6a5e84a2e2084ff89bb20d1bb02fe238,1777435944.7202845,2026-04-29 13:12:24,123420,위메이드플레이,8210,0.0,0.0,8210,ServerFallbackScore,blocked,호가 스프레드 과다 0.61%,0.0012195121951219523,0.03924050632911391,0.9111111111111111,0.75,147.6735643817135,0.0060901339829476245,-0.01948842874543244,-0.028014616321559105,-0.02923264311814855,0
39d2b062ff0e4691a45d88b0ae501ae9,1777436226.7407172,2026-04-29 13:17:06,123420,위메이드플레이,8060,0.0,0.0,8060,ServerFallbackScore,blocked,호가 스프레드 과다 0.62%,0.0037359900373599153,0.020253164556962133,0.29545454545454547,0.25,439.35252823319325,0.00620347394540943,-0.008684863523573227,-0.007444168734491274,-0.012406947890818865,0
16835c2e15024917a670072a4796870c,1777436340.7316387,2026-04-29 13:19:00,123420,위메이드플레이,8040,0.0,0.0,8040,ServerFallbackScore,blocked,호가 스프레드 과다 0.75%,-0.004950495049504955,0.017721518987341867,0.2727272727272727,0.0,222.92704489951305,0.007462686567164179,-0.00497512437810943,-0.0024875621890547706,-0.006218905472636815,0
4651cb861ded420ea1b197b459496b51,1777436406.7538352,2026-04-29 13:20:06,383310,에코프로에이치엔,33850,0.5135704530515066,0.007090103397341174,34090,ServerFallbackScore,ready,server fallback,0.0014792899408284654,0.028875379939209633,0.9354838709677419,0.25,266.52982464160124,0.0014771048744460858,0.03840472673559825,-0.00738552437223039,-0.011816838995568735,0
4088641eadd94984915bb03e8780c253,1777436544.7480526,2026-04-29 13:22:24,067170,오텍,2700,0.0,0.0,2700,ServerFallbackScore,blocked,호가 스프레드 과다 0.74%,0.0018552875695732052,0.08651911468812878,0.9629629629629629,0.75,936.3034919523776,0.007407407407407408,0.09259259259259256,0.029629629629629672,0.014814814814814836,1
3f22bfac2d28464ca089c54c2386d3bf,1777436650.7444918,2026-04-29 13:24:10,278280,천보,67300,0.0,0.0,67300,ServerFallbackScore,blocked,호가 스프레드 과다 0.74%,0.0,0.027480916030534264,0.875,0.0,115.0,0.007429420505200594,-0.013372956909361022,-0.014858841010401136,-0.01634472511144136,0
fb01b88c0e9c4842bd0eb589ed5fbb0b,1777436656.7685442,2026-04-29 13:24:16,0001A0,덕양에너젠,18450,0.591270298423038,0.007046070460704712,18580,ServerFallbackScore,ready,server fallback,0.0010851871947910041,0.07205113306217314,0.9770992366412213,0.75,132.77056478177587,0.004336043360433604,0.07642276422764227,0.07425474254742537,0.12737127371273704,1
277771aee15542bd822c111cd145e4e1,1777436860.777023,2026-04-29 13:27:40,376900,로킷헬스케어,81400,0.0,0.0,81400,ServerFallbackScore,blocked,호가 스프레드 과다 0.61%,-0.002450980392156854,0.06964520367936933,0.9137931034482759,0.0,758.0,0.006142506142506142,-0.0036855036855036882,0.0,-0.006756756756756799,0
e9923e4c6b2c47d1a2ed3d4fac079b3b,1777436922.788463,2026-04-29 13:28:42,376900,로킷헬스케어,81600,0.4366457521009741,0.00723039215686283,82190,ServerFallbackScore,ready,server fallback,-0.004878048780487809,0.07227332457293034,0.859375,0.25,44.04168067628019,0.0024509803921568627,-0.008578431372548989,-0.006127450980392135,-0.007965686274509776,0
5b07079eb8eb476cb8cd01dbada709b6,1777436996.7872422,2026-04-29 13:29:56,376900,로킷헬스케어,81600,0.5520129901049917,0.00723039215686283,82190,ServerFallbackScore,ready,server fallback,0.0049261083743843415,0.07227332457293034,0.859375,0.25,13.273830938757774,0.0012254901960784314,-0.009803921568627416,-0.004901960784313708,-0.007965686274509776,0
2159efa49bfd41a4b2e3c2ae19a85701,1777437148.7797208,2026-04-29 13:32:28,017510,세명전기,14040,0.44581688223722926,0.007122507122507171,14140,ServerFallbackScore,ready,server fallback,0.0,0.1011764705882352,0.7336683417085427,0.0,426.37263556596025,0.0007122507122507123,-0.004273504273504258,0.05128205128205132,0.054131054131054235,1
b96a05d05b984576a679ff65792cb8af,1777439890.0163114,2026-04-29 14:18:10,084180,수성웹툰,1262,0.0,0.0,1263,ServerFallbackScore,blocked,호가 스프레드 과다 1.03%,-0.010196078431372602,0.10026155187445518,0.8805970149253731,0.5,86.22365241361156,0.010301109350237718,0.0031695721077653616,0.007131537242472286,-0.006339144215530945,1
d3428c5bac544d1596661e0ca100eac0,1777440610.0344205,2026-04-29 14:30:10,077970,STX엔진,64700,0.3717552332120099,0.007727975270479082,65200,ServerFallbackScore,ready,server fallback,-0.0030816640986132127,0.11744386873920543,0.9285714285714286,0.25,572.097027226583,0.00463678516228748,0.021638330757341562,0.04173106646058722,0.007727975270479082,1
82919481d47a46348706b17cf5a21305,1777442298.06166,2026-04-29 14:58:18,005010,휴스틸,7240,0.4893472738353862,0.008287292817679592,7300,ServerFallbackScore,ready,server fallback,-0.0013793103448276334,0.11728395061728403,0.9491525423728814,0.25,4651.0,0.0013812154696132596,-0.02071823204419887,-0.02071823204419887,-0.02209944751381221,0
28f68234969a42b5b5013cd452242345,1777442336.0776138,2026-04-29 14:58:56,005010,휴스틸,7230,0.50950232046404,0.008298755186721962,7290,ServerFallbackScore,ready,server fallback,0.00277392510402219,0.1157407407407407,0.940677966101695,0.25,1885.0583950842686,0.0013831258644536654,-0.020746887966805017,-0.020746887966805017,-0.020746887966805017,0
1560c86a9be94b259b4f1f27aaf98f14,1777442338.0824971,2026-04-29 14:58:58,347770,핌스,2125,0.3851883404242683,0.009411764705882453,2145,ServerFallbackScore,ready,server fallback,-0.004683840749414525,0.11665790856542291,0.927536231884058,0.5,23.10531673612148,0.004705882352941176,0.004705882352941115,-0.004705882352941226,-0.0117647058823529,0
01cefe2bc166482280909e97cdebf72d,1777442376.0733712,2026-04-29 14:59:36,347770,핌스,2135,0.372153952155826,0.00936768149882905,2155,ServerFallbackScore,ready,server fallback,0.0,0.12191276931161332,0.9637681159420289,0.5,57.293771076004695,0.00468384074941452,-0.00936768149882905,-0.011709601873536313,-0.0023419203747072626,0
7cc70b948491401f9814f7377bc95242,1777442684.0665562,2026-04-29 15:04:44,355690,에이텀,5320,0.0,0.0,5330,ServerFallbackScore,blocked,호가 스프레드 과다 0.94%,0.01526717557251911,0.027027027027026973,0.8108108108108109,0.5,18.244792306217118,0.009398496240601503,-0.020676691729323293,-0.018796992481203034,-0.005639097744360888,0
aebb58bfbc7d47c38c65942d5ca216b1,1777442696.0678682,2026-04-29 15:04:56,488280,에스투더블유,26550,0.0,0.0,26600,ServerFallbackScore,blocked,호가 스프레드 과다 0.75%,0.0018867924528302993,0.12262156448202965,0.9571428571428572,0.5,1708.6967937400386,0.007532956685499058,-0.011299435028248594,-0.01883239171374762,-0.016949152542372836,0
3d85c1f480c04aa0830bb1705a442f2c,1777442748.0747318,2026-04-29 15:05:48,291650,압타머사이언스,1718,0.0,0.0,1719,ServerFallbackScore,blocked,호가 스프레드 과다 0.81%,0.0052662375658278915,-0.012643678160919491,0.7684210526315789,0.5,0.5094948292132221,0.008149010477299184,-0.002328288707799775,-0.0093131548311991,-0.0029103608847497187,0
a2101a813c334ba78b3ffe034ecb7282,1777443526.0681314,2026-04-29 15:18:46,091970,나노캠텍,757,0.0,0.0,758,ServerFallbackScore,blocked,호가 스프레드 과다 1.98%,-0.0013192612137202797,0.12985074626865667,0.9456521739130435,0.25,470.7609541961674,0.019815059445178335,0.0,0.0,0.0,0
